eye_deviation,head_movement,face_scale,mouse_idle_time,response_time
22.26330958729882,19.82247389654444,0.22527312400609575,4.575468576584207,64.1895407149057
25.78304141007124,17.58365280140599,0.20788064185333974,15.293605510033037,154.71854125421697
16.922646414234503,7.136728263734405,0.3063378310756614,0.3206624829042066,37.96266685289963
27.645446722959743,18.858878597535515,0.25737006824395475,30.28941879068045,60.16653711821535
9.094371460961128,12.050559693163635,0.23030078807779691,1.894475964858755,3.292317560648387
20.05000433692068,45.20612311088269,0.1781994862335613,24.286684216048478,31.28430063477016
36.67028929869614,14.497599454984284,0.1425435521631661,5.0,104.77156153167967
12.42190114157339,17.154592682385445,0.26122792122853744,8.611140871311013,74.0236437427611
12.519332144184512,15.451266515533362,0.22417687521818422,1.3933626851447964,41.34255231504759
14.7689106047689,2.0,0.24590816515457764,24.243664917140972,63.3951217431378
20.45469757446326,12.74006949235147,0.2837822337641244,3.6039035404904345,106.84994773670796
45.04276799706567,12.871402757785003,0.18513965618254868,73.7449180520199,12.26434414572957
17.59390237733566,7.1636179033197305,0.3069962081899595,8.656743302927365,37.568450326143896
4.0,52.15573215299076,0.25297894116759806,27.55736973796199,39.54775766983025
7.537851022424368,4.0,0.2322255175394747,1.2421950128373038,103.34505159366213
20.647917136067555,4.323435872596456,0.22148446334979532,29.854141908694913,61.6055364024288
27.792519689009552,22.809298665763183,0.23963489292171472,43.724075901852956,100.88392590524755
20.024223196681486,8.947188020514927,0.2436795326333028,2.6387393544566846,80.37811538376383
33.392455338705574,18.89827571526621,0.24083011812783864,18.157237480208845,71.25854471424219
11.210576365963341,5.964996272195048,0.2714710104596594,4.155528425529005,44.47401142812033
0.0,0.3560124651264584,0.008645136988138636,60.0,349.080723866212
15.790160501789318,11.743554157980927,0.23718537415946941,0.47522639578567666,28.15007518497576
0.0,0.3338834204069206,0.01711376333819822,82.11249106061543,185.02822982970525
0.723918203839235,0.868928133723002,0.018863114892822205,60.0,176.37117288755724
8.792612700018827,6.581263376802598,0.29796089147447913,3.069431307107343,32.72498381697527
27.294956323777374,14.324991531535753,0.2518104448620406,1.5093107442257252,135.30029208396223
26.906559332336975,23.38145552010714,0.1,23.92026879443971,53.55493525332113
13.385237848987234,10.825088410790514,0.2724450258152341,1.7684709475062408,3.435249186092258
6.601096522889877,8.178519214376538,0.26308928173175566,2.9400558954889338,23.13736926400524
10.037618132403253,2.0,0.24452866378754815,32.6502280104762,42.062839879472534
11.558423426708165,4.967976500223,0.2838511281628406,0.11179275572250452,28.35056277843476
41.22721114284637,26.071669458086674,0.1474879371002989,5.0,105.81513688858111
11.89670610270092,4.517343850206283,0.2701252213342224,40.0,84.76357800899494
14.93373214775111,10.883194633657485,0.32721609007442365,6.459394026376208,44.84358817572965
30.142864282445498,17.393073458959897,0.24807199775260252,2.450527615667201,81.46802008780911
23.42799830315499,15.937192016800035,0.16155060736892457,12.442836801294483,96.47177705003271
11.765496614854014,54.99195481880316,0.20610062759911318,114.21848226158897,27.667127910153035
3.8391667046193376,5.829298514167752,0.25520809783074566,24.38042941361206,38.59089545090685
58.93977998677619,19.491777629563316,0.22822711214507843,69.8991658001806,21.96412199340366
9.017761238451978,10.759526888315847,0.2447402831829844,16.835626457565173,29.337999516233104
20.618530456914414,30.221916009595304,0.19057717309684274,48.383162280959844,86.0718934782439
32.93151999214312,15.97792288683726,0.16811833122696127,13.430549007745586,87.29418857656842
17.62841883081611,16.437435621610412,0.23550184554530396,4.836838818457089,61.88334280341757
15.53859861888277,62.494853548187095,0.25917009755401343,128.2952072271284,23.05427752742514
20.19699462036962,10.037546859304477,0.27910676557049147,1.8177947918202653,44.333498592226945
8.149215600340932,10.075415389168565,0.26831755459392836,14.501894422975452,33.414078204178644
19.749272847813447,11.470055230752596,0.2034178442101666,3.7646393301879746,93.62613614418215
64.22792031807673,21.484839296646943,0.25494245671252447,200.0,11.802740220815636
18.444845446901034,9.937886231606956,0.3118071883903757,5.292659431076339,73.5219259519609
46.13612225780138,25.19694456997613,0.2686914600136294,6.559270907562233,122.28972837036251
16.68395157225728,34.0,0.16539364767773654,47.48703723749927,16.16349232942112
36.41900629006805,39.1250891235748,0.2415498651572729,5.84408209633958,82.41634869197638
12.836651154530863,3.4701947642281947,0.25427341375231705,12.282014781600754,48.1758220053659
12.179557336036472,8.54947305678668,0.23346969041574936,7.305417020178524,32.124861124978736
16.0908798637275,18.0,0.2695276001731537,2.1257126749860618,72.9155443942668
20.6283781637781,21.45688094447801,0.34954992637219445,5.409158209327875,92.46758078188148
4.570664693508563,13.33068125434987,0.3183804321563778,1.3374298191365088,46.80717223736457
13.60798284297264,9.423259289685397,0.2603376912966017,10.085746503897164,50.54918815077663
7.309263271014716,48.63734695284571,0.13956744828637957,22.054810057565277,31.67328794556158
45.78912437527516,4.0,0.25242223700992256,107.05561176098537,16.686327083007633
14.7124822511854,4.818930628746777,0.26418538760619625,0.6224854280863392,7.079750179393928
33.208417318900636,13.203456205619313,0.2138040364052661,18.785952499710724,57.16620232094377
66.74819528598435,14.270517112241961,0.15407293014119455,10.0,18.14501002962286
1.0259643222639485,2.4994196320965294,0.03299745906133328,60.0,266.6266866461321
30.03107668788533,9.995513583028945,0.16508561379028688,19.337418191793613,101.44274892129283
18.783562538133854,23.158284883292946,0.22103889107177113,21.795821751672197,106.0047100876615
19.504760581367343,8.477779512994829,0.20762034881319993,3.4572423043180835,21.06612299362019
36.60648701007694,25.01721448662076,0.1,38.81614786265925,164.48884699790744
19.982680547951137,4.230924897414451,0.21809094009086138,10.619912251472032,61.634313585831165
25.013031457579974,22.63782844916394,0.1943445547864915,8.555021580532415,98.46255116174842
66.67976410636318,12.597083272893487,0.1554037713309045,75.04967209107876,23.626552750418558
1.7184003429845904,0.6297573462370281,0.008461855657660748,60.0,125.47651519274264
9.458209110104203,14.65851960371657,0.23821241059090958,1.4218690797782354,49.257704169808875
22.32715408263971,15.933261846069396,0.26585036564742376,0.5893004502922756,50.70987474027952
20.579598668315526,18.280746248462894,0.2062389526543872,0.06245944220016188,45.42948134787386
11.746186849771764,14.617632448025411,0.20393430851062633,5.808037817740159,54.544837013325456
10.177312396149365,9.484635222112532,0.18149006539708354,32.09844547744113,124.73053356246245
11.211011266788603,9.495923729152977,0.2532312600229835,6.6218070116170775,53.33641237860023
60.15418297529847,6.3477321325740075,0.18896000185159317,28.19772776755352,6.069697551215468
23.129361671196598,46.53708162010145,0.18755745256940115,34.75088488395141,27.390657178866626
4.0,48.13299788606398,0.19003236288152758,38.24516674739375,37.01486437157299
18.9337330331875,22.580400923377656,0.28462674710586916,43.20317125990746,52.63827318140711
4.342736156501007,6.7253554729834715,0.2602703359295365,2.5144975617542413,46.583145654567
12.862056614709749,7.005486888052093,0.24332260326877178,2.4301980998636448,92.34888140768813
4.620957333341233,10.41739512846152,0.24815074432336962,1.4785623761411648,68.53018709783416
20.0,26.273138302477847,0.20207727112931245,5.0,161.2005400330442
8.411780666707326,4.74768425384425,0.2604195092025063,0.8184281713668602,6.958127763753724
17.079412050687864,3.245353889027532,0.24580053613322964,1.4449786893481946,57.60195099503571
14.551262042880758,55.62292932281298,0.2489702282723102,5.0,5.168213118128719
46.27097852220806,19.730589478735443,0.18297526148263923,14.19271646346942,12.120413885489874
0.11400002156725278,0.9792716836883321,0.0168410280233269,112.00160451936979,95.9482438712115
12.941399236843083,13.163423383250748,0.19498312153384528,29.599776972706508,110.72688018293215
8.01337399992559,8.410005624127075,0.14767651595804304,11.5226983567329,69.30010005360242
29.084513929115246,11.550505909140455,0.24291495788743797,4.258479755814294,53.40860000307565
9.898236478446197,44.361654020409055,0.17793727650199576,5.0,21.26986388814141
11.54455269449936,4.021791654571951,0.27063975738250207,10.50582874876587,52.542726574849404
4.2935982192473015,2.1769827134582567,0.22302863803667589,1.7587237663653141,39.354893841652576
33.00048396465648,24.522208396431964,0.19887071348126914,35.25963673291599,90.22891914575024
19.46659559755853,11.78745530378212,0.2103288369024682,5.638367574178745,66.58373199309762
20.213457787284216,41.19055453426398,0.15396114203696604,42.86242683160055,42.04657218546701
30.65495430837969,12.591697478997904,0.2008384422812694,5.0,52.76482000989805
10.869385598158308,7.198299934780369,0.2678838196048136,4.35675255435919,43.972912009454504
13.824717893425944,2.367865789078885,0.24875156842243612,0.168694311632516,1.0
15.591554091004163,42.076650190525456,0.26905606067577764,40.31439343668006,22.825403077970726
12.74363383634189,5.20705978905893,0.2843795584796553,3.6095282677572205,40.62342911857802
11.165580655740236,9.684810969343847,0.2666371568345328,10.7511199082404,83.23582599049493
16.90291426321965,52.26615442710592,0.20507389970346424,15.087906220623523,30.20597168812379
22.16855682621489,9.02578317457532,0.21999076680427024,3.8401025761121614,49.238466701506944
19.054688703817426,56.01591707174866,0.18914393208720465,29.358363768583967,22.342335880160856
36.177807856400605,20.768666762163498,0.17604276694768445,23.404789016484102,84.6553402529297
12.916937493517398,3.873638321121062,0.2373221340962593,2.5697953903771555,23.344500908671847
7.055579106657306,14.029545888135884,0.29802086336634437,2.32301469648564,38.94983791112025
2.130201564426761,6.151943057552254,0.1651807090089945,0.05677507337310648,5.388950071847719
9.303875266480814,10.39943421078759,0.2597719466798291,19.560082716724153,60.6369674975448
19.69813183528839,19.032365611308645,0.1610011957481705,14.426662791144917,124.79901559455494
21.33242469147025,6.839918967383752,0.23813824991543078,9.919337060589276,83.29236024134454
21.819284128955307,14.968696242406079,0.20894814226971825,5.204100242788065,156.10424565748193
17.994433409614658,12.381229610700602,0.3522219856855547,1.5668218986534224,67.78161133593086
17.41045404299526,7.684697560111377,0.25546354670050614,2.602413037175303,70.09861338768019
12.201995746247515,17.319506712146243,0.3133183210398435,2.0205527924267015,39.253679354307785
31.46409847815482,33.717292101377275,0.22690581186893471,120.0,68.97378277561889
11.27511143469789,10.408865565352471,0.2629234561008933,6.032815323306165,34.881632170498804
11.703056208957204,4.820636522077633,0.2825596315673171,2.8216630553068023,7.117716748274923
6.8968211963717945,9.511434903998921,0.1964268703637136,7.486634950489739,5.34879415541398
32.61690534177419,28.29654199926328,0.15003911464593,16.141293948884446,132.35755471062498
16.022249642265088,6.072443419721802,0.26984767883700883,9.12385291250624,50.31238177819394
53.50922643914084,14.775291967966904,0.20441044307463502,10.0,32.62852074284892
21.905546557418525,17.648844990831535,0.1724557871678656,6.501230385135731,74.8713732594149
47.65381606010837,37.491083855515605,0.15711117702782545,16.795244263863022,49.23285260798704
20.0,17.519810050791932,0.15259893604344152,16.80970146033032,60.430229334453344
48.411920961988464,17.84015706992466,0.17503490271416405,97.27919493073328,23.87340598803464
8.647135576780464,49.88195910670975,0.09573747661360787,58.306757819663126,21.51298446157696
15.793158043464803,13.226494504726656,0.30101254381768455,13.83876858193703,40.34243090288116
25.195224437813657,14.777343879036271,0.26046833430644545,24.45286168615568,75.56144502620876
27.853764336650848,16.198666454839053,0.19988330377449354,13.689678862516164,85.58969050967896
7.362427509891516,18.457821189198036,0.24381351653412697,29.74997560683548,71.87106969737818
20.0,31.882827838960097,0.13709808680254,56.27125887066632,60.50016127106768
0.9701570822400847,0.7498854163577747,0.038013424405041504,63.70530527943743,167.8871807162921
33.41512997917767,9.994042693387984,0.24461420327196243,3.832262070441979,77.46909156922922
28.201943645266866,10.06757295150544,0.17961035122698704,19.36681564483514,82.75718437237015
21.514468381191193,18.81778014484231,0.20084909714770663,54.765447120447234,25.0
21.25678035019154,16.931864085467424,0.2557799777112887,2.6256272228969317,81.03554640928402
2.0,9.272398502070082,0.28014275564854957,16.863647024333357,61.800582728892365
13.31093767948865,15.616273125923787,0.29328785522549505,7.766696395520116,129.76602341276447
65.56771104310629,7.304654966537649,0.2700895637906055,39.13384363480645,15.0285468446228
8.223626150273969,5.943503814041155,0.19436817468223996,12.707947934079975,7.523453225544099
20.267396774436804,14.554680455137445,0.30030894469127983,17.31547480085765,71.57276695504902
60.574412318635204,4.0,0.2362573395766754,10.0,17.568701198328355
11.088217849083417,13.078179320447001,0.14768899493192,17.015782536378318,76.61598713901492
12.38302384577757,4.619029100147365,0.23302383531848336,0.6987098449271696,50.16748302980193
8.442661248155199,50.025525255328006,0.21712928360944275,62.523813866206055,15.753416635156865
26.44200120737581,17.087350334419018,0.27464861258339324,16.449791371930683,57.83816150925062
57.750369000763,15.394553239082796,0.15918668856429424,24.374771954612832,14.10974270042014
42.660836030687385,18.638895528845552,0.2331747802884191,14.971709017968063,86.97065418008908
24.107792868004445,21.147952546278425,0.1791894944238635,120.0,143.03161485604912
19.882398953213404,16.625991192965337,0.15344421543259007,21.14254315633252,32.64675859331866
11.062043338215883,13.28819422535202,0.19392196360759406,13.36385626105692,53.21997522816964
20.663993244367333,13.956871610582926,0.1815964382787153,4.35547100854514,50.55771638048414
1.8529658322800318,0.21295891859745647,0.020704806139983076,60.0,239.47043645424236
17.26776390410041,6.939282142456222,0.23630053783778504,1.9745309853710522,46.364427444777874
13.866304167299846,11.605414826608866,0.24111895886653084,1.2545251641842217,58.60209493907253
53.641126569477464,11.845787614972721,0.26541076286608734,10.642538509332185,12.01659142156639
66.88088317827811,12.390003370060912,0.1756212174186557,19.305525928848002,25.52292471684706
26.356223541547713,10.991836323583865,0.25102242077091397,21.610244849842434,101.16843895693839
10.641488862968968,9.302758228384215,0.23942334362125162,6.4900728330741355,5.569176631531957
62.13708291982315,14.086779333679662,0.18741354275193473,83.8308765642221,19.150717877709894
25.66817101871885,6.493869637945437,0.20474047408293797,20.00073611512591,76.08650831962822
13.902730511759486,53.238780920208626,0.1347778695300513,5.0,49.630661656342326
18.267265796797414,7.3869514596568715,0.23761941773991774,20.04042476374601,72.8317734216609
17.876838026542377,14.997172189559038,0.1904200403244351,12.443746982940674,88.14953611348064
11.03572805966966,15.978237627918304,0.22261851779029482,2.9369079334322614,51.76111026316708
9.854879522574375,7.070763661495081,0.2794517406269494,5.319697480948645,45.11625770173423
26.0976561553594,16.053020249840976,0.20479999638270122,45.51894776133595,112.79920595543106
24.13327905155479,10.000533704817563,0.20994114001944258,3.3466074900299736,96.09977637459292
12.782080100253804,12.173767147659397,0.22718125930483876,3.6443814644797845,49.346330428434996
36.336654443276984,19.380537260725454,0.31406308157364404,6.088311539055408,111.24814615563623
20.12890222196517,3.713614281038221,0.22309042643053836,2.1161291900408767,23.64494352291815
14.575910540616716,6.987059624532647,0.19011697445584724,21.171468825837987,49.632499963864745
11.17016477301653,5.076185408620234,0.23663685065896692,14.709145508446408,24.772033745784938
4.524024902527104,11.226220584823706,0.2652869785231216,1.1590752494260217,9.099782503205823
5.716659411530378,9.975075116593866,0.24189240809696583,5.424779016977995,3.693040225844201
14.250533973849018,10.318697960790043,0.24003753952943882,10.353792540468303,55.07712746698561
15.264845641473787,7.067239118128592,0.2871996661625853,2.7149531200836585,79.8368078150205
18.51619686043024,8.680793383183444,0.26099506525573746,3.5749619087890157,16.17380092914154
6.910678183799943,15.214567816476972,0.22963247563483236,19.344577958754144,45.8833361448784
6.710910764388273,7.618990186823465,0.3055770756592495,21.358666857978072,63.563608396465575
6.822354245504176,10.919939213083287,0.2468920062475462,40.0,12.669206034742338
18.701158917811323,25.00895561554604,0.31226884509444963,18.796277207468048,82.24861192999366
11.06973460763188,14.138828737400093,0.22293915324891528,8.970298442455583,80.63691104416057
11.307291364700992,15.126847446854436,0.2668879313238248,22.74196221038609,64.14835678721084
36.319518599673025,20.61782659299241,0.16956093038584907,16.772364765309025,109.72184961044573
17.92806805939443,6.87608941186536,0.25526926607155653,1.1076539655660862,63.23712827997068
26.256484693629044,16.53120622828724,0.23194861316692758,10.656008089135367,129.35397642057904
10.612497902944545,16.633996939653056,0.21404102732275548,1.3434614815538644,61.44373095448168
13.911262252638954,9.566903910355332,0.282687242463319,4.5996511475628985,84.6634072732982
13.237208166158055,9.666219765250965,0.22961309873454047,14.507911830737626,69.30671874948932
21.79839458176069,18.48825851073926,0.17515550091070448,0.8489856661061467,80.66616795413904
11.085317598621893,6.92493387373205,0.23151105523840798,8.207968823085162,85.44388501252351
10.677545649745491,15.6239852091113,0.20350470563045112,4.983818257653665,34.24726226181455
36.882716333722755,42.0,0.1425211831839296,10.058048806515403,132.15797755338167
10.165408644952027,8.70007837444779,0.15205733269673458,10.11140881367353,27.734141234931876
22.418135269002352,12.105521854734866,0.21601580922982958,0.9417778624401489,80.37418564350534
54.83952053199947,17.58930258787985,0.20101969446313506,67.94948791283595,8.65497765720797
20.02215985836566,13.573044807527571,0.26785365532991934,6.325341209145176,47.04384112930169
20.396763964888233,22.01219779553226,0.24937819722765425,0.22510832684649762,21.132596904669477
6.0,5.27557725811361,0.2671776796028997,17.642694566708048,47.624299169518885
17.975675918429857,5.812096049393797,0.2301588134285788,8.220329927961012,71.65267657088333
2.941673468688961,7.144569986554263,0.20723997748651862,12.975385003417767,75.43922350640824
2.0,15.599238710145874,0.2995131419490023,11.1360486622099,24.51994320056066
14.924120767719959,23.124618256963075,0.12,17.132826587763223,85.67861882080926
47.32991719231323,14.63469443163409,0.25505284135890716,137.07106700480887,18.292735597844796
15.700929434382754,30.0,0.15754084556561415,6.074106981251235,140.25314969771023
24.392787442485172,18.684578682649455,0.19006999839261193,27.322175338032615,134.8634736035214
9.472253780244738,5.501196664353538,0.22054073950796493,3.8248650292787554,33.18480312704608
17.539637104618357,13.854852476655044,0.22554694245390708,15.657482529768021,99.5978661588677
14.998181340342924,46.421491609495845,0.1797212641430026,37.20001846829267,49.89944244576196
5.2642195709846975,14.7491964697734,0.27691023269536175,0.8801337911875815,10.93070368328575
8.747934265520183,8.931851916172368,0.25931862474185974,3.4442377364172754,67.1710939994093
27.284606001143175,21.553659732644398,0.20551001500944516,24.610479423402715,31.368355085981662
22.571100344136955,15.664539416159627,0.3055867181340046,37.4853410607638,55.0792544024017
20.0,6.813850371474787,0.28069251597972655,1.9095132255569722,7.332644817116794
13.974293355727113,7.9817621894348925,0.21118505997253617,0.5025710036110805,43.97974663444073
13.291863703477532,4.0,0.20335385041162662,0.3161271364340888,76.71894246934241
17.199388806311894,57.95310544350136,0.15966531623717845,5.0,26.39264689965013
5.259445568575806,9.284525111649113,0.2716647339231363,5.1976792994370244,43.77977343373948
23.091353520489477,13.787804486492034,0.22454394071030812,18.57481634435493,103.62124787932417
13.785598753249527,5.449545707478942,0.22608768519727,5.153637914173938,8.098191025245274
26.529066284504886,14.246959634618749,0.31260765149670094,4.991997536735303,84.87728068155872
5.863504198396549,5.393407021799778,0.23443184042155624,10.946057284298458,41.84057721242257
25.028906996464293,4.523522446824096,0.19892222124894282,6.031534889620914,63.91131732828636
28.0273068240189,30.738539104977555,0.13406216445835906,7.0225435404963825,117.1734237970391
9.123403043267388,9.099981328103855,0.27864470427102417,8.259497065690924,61.554778692273004
15.786261826381459,3.9293718330821674,0.23152576738682668,4.753378840336202,39.9105564187755
11.427430858664323,5.541411337328624,0.24649081774632992,53.1326064514826,86.82556236674819
25.514438429730966,29.43168815606387,0.11552459217670716,27.71134811732925,86.95863102704809
49.610244514487796,19.88531462921974,0.18600888481366173,44.73016973506384,31.334563145656013
0.3021269900296021,0.5264327828415882,0.02772327050072179,60.0,201.59726072961735
3.7444449958594994,13.327756430684271,0.270119503416733,0.4356708821514569,26.779188549158192
16.266016202097845,11.329418591590693,0.2884664562535381,10.243189508451323,36.93432926171246
22.88295581531776,7.4463003967563335,0.14116963805046343,5.836753674503323,89.18192687578507
11.275739707737499,7.987739902965538,0.1848064260813227,0.16424376050044487,32.341615568067745
33.394184207520865,32.64366541229721,0.21020113108617944,15.094176161871703,145.59414259480258
8.822842975381633,5.8067452927315,0.26939579458603613,11.089512595178398,24.293919341905504
0.0,0.31748957827478874,0.019131788125453388,60.0,262.7610287087397
2.0,9.250032175139802,0.24672738048567788,3.2431252064350837,34.96295716387506
15.08674399579962,10.427129291011122,0.24639825332910437,41.33535535864297,75.0609268646762
22.857384147946732,19.06749848687879,0.25783091723846685,9.52468595544122,93.96985896591576
26.0,42.94202107295791,0.15961810591312275,23.696226238231162,33.031155934472395
8.28797694286146,7.201703232524967,0.22232489141196632,1.630557628950028,4.637716749964356
22.544866282727742,4.008183528007036,0.22556720285991777,20.18594548844372,74.79758300572466
21.59866615092656,21.709407131945806,0.27860017813347354,0.539932395072467,101.47880668891315
8.843556411958327,5.402799875761733,0.27535490880374397,2.336044366022544,82.53118720958557
8.507589898909805,4.195636621787463,0.30597831801296776,6.814534367609507,45.386270204607406
26.183958691131313,36.25376924986347,0.2577344043079697,5.0,77.35716541010765
20.836938229015182,30.0,0.25822440619148496,14.307717969101539,99.74881727045809
19.80206207407404,14.621158058094494,0.16284094789743314,6.668209481940517,103.77513930485071
9.028396864902096,4.032209063234195,0.2846340003816986,19.588768960788514,59.00052804333323
6.078467455020716,5.50634286884133,0.2771822422210103,3.101753972555666,58.87129774697757
57.59206428242192,22.67311737480287,0.23145749866484802,14.40747484358919,32.66430569686049
20.776275918477953,10.686813419345448,0.21230709239606382,22.97162292127264,79.61879983975889
6.321533017661976,41.23511220338696,0.1552801024926687,20.401756860858036,6.938513854860712
13.042253137278287,57.51409368324412,0.22849117885073267,8.627322782696362,24.01638913200925
14.093506816346252,14.757679379851853,0.226612912308625,5.033891150525887,80.7423399379045
23.552580829216925,14.979706931593167,0.24049087545393802,20.757028073247433,83.59582510283806
21.39854907891883,9.649479651941,0.23911371656300268,17.612902635409323,58.28622192297288
21.859025231726726,15.408835901415552,0.18512501680380644,14.55670741321644,89.69993653376149
12.774176879690351,12.440747043372903,0.2977338045811706,10.306478245838179,113.0873450259062
22.775705368779818,16.463148439255363,0.29638296244555107,3.4013745422880954,108.93780967120412
6.142358473236917,12.880291843554092,0.20164606963956758,10.797636441408423,39.191640431429484
16.980137830664653,16.154684723002067,0.27652976334791596,4.262105885808222,37.308633270318616
10.196189687772414,10.017902957767792,0.2769635902026118,1.804162036786727,64.77698182347878
26.00008179236703,18.265327442193957,0.2927793895514752,0.8813251774328019,90.23713102062098
17.69605006946446,15.79478670645685,0.1694341136441114,16.532961586193696,50.78110530348131
38.121322526795076,11.479795986673011,0.21382441838043742,40.79028642651751,12.9593818976946
10.642213043657993,16.698918272542393,0.23566481921196672,20.120517135657884,72.74542432832656
18.47019111649132,12.318501655723331,0.29243551480228736,17.052528886216294,17.74625588424382
6.0,4.9969721254257795,0.19630948623279398,1.2513090090588501,94.64710287668817
35.217672044186905,30.790367226177832,0.19918830771527726,5.0,135.517546209653
61.23207795816633,12.491283628560002,0.2264018360512082,144.75477181807474,20.35461749452573
15.667513453763394,4.489148422102274,0.27776866749673007,0.09431950555783856,68.01071359022401
12.222675676459373,7.276775538335403,0.3081184764260792,10.463898201256843,22.28895418272038
59.28998034047607,17.384625932692447,0.19372137638884113,50.17252066441327,13.600059911095595
16.435033958061805,2.0,0.2465813625612133,40.0,30.376852526375053
10.839070878590018,13.869250495895695,0.2607177888448306,9.750114199366468,40.91422402578466
0.7949331519563768,0.0,0.027598145048748163,86.75815168391676,250.017919895795
22.528178540936235,4.4727417523085515,0.20684360609528712,5.345981472207347,30.301906875721954
11.048638203326673,18.0,0.3135927075755026,1.1794462269509423,26.625776329301992
24.223044476701947,13.894947055586716,0.23364124835466749,1.543040736089654,74.02784633935572
36.20733301869272,29.277012808261624,0.11516218557401842,29.3572849824889,151.97673875872928
8.136052122307284,11.083252522946236,0.23874803994519558,1.7457111199760034,32.78414638195707
55.375511812368394,13.545886171450787,0.21394338912287222,40.624382470744784,13.905975630175782
24.105450387433663,7.315824889350185,0.21514393557473127,0.7376403532330544,52.19798359080114
20.709746048791853,10.16028670475903,0.20508381679299623,16.619638789443105,57.75212756599537
26.617966393064787,18.13955636037669,0.22251915951311377,39.05980121587103,48.957018043769025
26.13350940242042,30.0,0.22665949792262316,6.97925643623532,108.0699137515563
13.207164703705176,14.953403433372447,0.2880917513279,7.973488258968581,104.55434435533675
16.146855799155983,12.226559479956554,0.3177058276830154,28.334075803039177,93.45596786974646
0.15237704538985572,1.962129428279114,0.020716546891699737,60.0,121.90564245137307
22.280103695770542,29.662486095701016,0.19307960177317257,8.131783478260438,101.76591337523858
41.98688960126051,14.266810103190231,0.16535057730510225,108.87105475317647,40.01981896867699
13.522873748277588,8.836604163592945,0.30389863211544815,3.9518358389241155,4.4885979231325255
17.95100777239498,9.692191946358248,0.15501224970961303,17.59526065757846,103.947232565545
19.266477745212235,11.925065706982362,0.18495194569460696,13.247097320774277,34.52025434874308
18.0522564755111,18.620708255441457,0.20853714375849097,4.054911348025907,90.99698807686505
20.76220355904034,27.561474287444216,0.2723885709959579,4.704786926083228,112.25116701067445
10.827681521715677,7.641896081417199,0.21725458271164155,0.21566178686795762,57.935361515669015
27.161555337045176,18.601778862976904,0.3657735404866535,0.00035120655028382535,88.80486762101845
23.17040514560611,37.490244347611366,0.21884941014946102,60.963103112433984,40.008300043151486
29.16201426725705,18.293837984889944,0.181918955683738,2.2395293289836182,68.46432130802462
12.895969562632091,6.373102733286625,0.2799105964583203,4.490262705226082,47.22875778241464
15.446195833313297,10.021661413725418,0.23110309493859166,0.18001125796267056,20.047208082907577
8.10610428742623,12.714818426833142,0.24671218503448988,31.64504846485218,89.27843313864832
32.45255346292431,26.884686380704782,0.23782945839348443,31.97569970026278,125.73518232477792
19.364421507115303,9.051282738641438,0.28479755994845113,0.26095747158371974,51.315463905567384
13.140644076772352,9.162392581834062,0.2948840202339035,15.566467520033155,68.60730389655042
19.286231666479893,36.60357428087545,0.2121752638674657,30.19126626255568,12.911902927910374
16.12778823016421,5.116440235847326,0.2512747906409836,3.5602229332002424,72.96614721528158
12.11460170281509,38.368883578821844,0.20389996759566112,134.32468462852793,13.299029514185804
11.245440262547438,15.734970584988062,0.24169617956417877,5.446528058567378,55.54895690984792
22.593958751694732,36.23953131982865,0.17755746519812612,12.822269679284178,96.02319726632834
11.629658849266674,43.67295489704596,0.18819837709463919,140.6521725565728,28.74621243624448
8.698015413232017,40.84601123146821,0.2018277981866013,20.395562847859033,27.963684837957558
35.189485636388206,40.118575126258975,0.21721905045316575,12.553127907637768,25.0
39.29623917523692,13.691352453604907,0.263652745651755,7.916905683505765,120.50186280769998
31.599340796303732,27.227757023329296,0.17230975728992687,54.53138867983127,49.266928706989205
50.70516634388132,34.069339904505156,0.1926995506237518,37.24354593486341,62.80641736592622
14.80802816266232,9.508720612804428,0.23264204362933133,6.605588574278376,50.46539969808652
23.210191189973415,23.012389152646705,0.19231980417160388,14.28131273050662,16.999062053058466
12.188219894605787,11.189205208515233,0.27480320937992475,1.1386627293406821,47.358344187685155
30.0,12.579169361452289,0.24083914647835616,1.9076732734096102,57.22385215955313
19.686726695075805,4.0,0.16973802983544023,5.922168615466806,95.58036080210957
17.80164818513521,2.4754639831307665,0.2215215194789683,27.57893101855576,95.65591423398897
12.436090293506702,10.931421895083698,0.24285507226788663,4.240784045349916,52.39951370723082
28.40812034304226,7.930937516660178,0.2293083114364647,1.5887479256831987,168.41915133422512
25.608687489606684,23.853678161406435,0.17868615418884135,15.47961224247736,58.12253101839856
14.391833334671922,34.0,0.20018493101214097,14.38861016281372,19.91727669495125
52.0,30.790021573923518,0.13377332670486336,46.81733944618625,119.44503625702738
9.380321147246839,9.221869664431551,0.1753854642148292,0.9280150234004967,79.57901232489134
27.394367630491637,14.620257986776522,0.30340370796645844,36.936413352839864,76.63966776609972
60.04317428630396,16.40049891486297,0.1786591201887956,23.339502317571327,7.725973257139501
7.718784384825886,3.1765437426271097,0.23065538198776417,11.088349417938115,48.76690688627831
35.91504507246627,20.836447412293168,0.18184475768895358,23.326082492405668,146.3762435629837
9.939922428561955,6.799691157927137,0.2346996784496898,23.459067546598813,30.423414761582222
32.1262679010718,22.316979460939123,0.2966629355322754,24.084018575750413,102.00561203621744
18.10478557982429,12.6238731420672,0.24688708702649687,9.2884597978874,72.2579462468156
2.0,10.198931624005883,0.2540844132883267,1.0664282095063207,47.98529894929004
11.962569304661072,10.722120778066527,0.24486046107772402,0.4340398099817824,39.182713197330614
22.442000536351454,23.654648466006464,0.23722661771002782,11.289130926896174,98.99905821681804
5.7580222348276235,7.180669284922925,0.27241480427036885,4.35427424030308,63.707910592836996
4.496824912072483,11.425584675544762,0.3021681440603791,0.9843258779266701,59.53893297380055
25.56883703119932,9.636550726926227,0.1666527379654738,3.381213816911715,89.39529680100276
20.1984629164134,17.397541242507653,0.18405711294388616,12.328332673714893,118.20513233298823
2.0,4.8860726810600745,0.27257774726474154,8.397919107417339,94.1214779207433
21.225954405254193,13.624086666334112,0.2135476893824483,18.830224787519327,75.70910504571293
26.725244391406786,14.09279138348078,0.21460493423173546,13.123211050973842,47.841075942480785
0.14538907161050083,0.5840888605711522,0.03317124672300302,130.58472512907034,180.43822817532705
9.391094846403737,7.86072674729771,0.2014239922214808,5.7095737311626396,4.000408785364073
14.29717268543972,56.653882924706366,0.18686044402274862,32.03256914022484,25.432460678189784
11.438616652704965,10.159390906390342,0.16889857742257514,1.1309241579137344,6.597483886765607
24.43689638707541,13.130952008384304,0.2407265716349541,5.462302550434868,60.11402833731907
10.828184508797374,7.969479075280304,0.2550971047662984,2.0923472133394694,37.324759300567564
22.2059358367557,7.638586468822856,0.25291409288681643,82.80340047123954,137.73430390388575
0.0,0.0,0.019916607179987854,60.0,163.1791761847224
11.223267364130106,16.332564505976094,0.25139071424847154,23.604682751511916,81.53128786986625
27.468972320280642,20.441825201689188,0.23650490408298155,12.67149408108123,118.11308067971187
10.700287288317064,5.1524726112031,0.25110733279196673,8.642725107398565,22.986185184756824
18.60966448151458,11.455939385863,0.20707991844066426,10.153017548774645,65.64246504081125
28.61559595678555,5.194023369345392,0.26156158630101367,3.456247633653238,64.4078843762131
13.27857656166346,5.477933727383371,0.2505588017559315,1.1080852754034463,74.85546754590223
31.318550257011772,21.050668854559603,0.2692126493446956,2.9761470361828426,103.91635371338268
10.992311213141644,8.8398440963781,0.2828977908699758,15.572350454759642,18.264644130798963
2.0,7.381471271081747,0.2400251100268549,0.7994924787694985,70.80110592910856
22.904515473080522,6.061541125140685,0.2803184706463978,3.374956209538491,65.57648119611287
24.123600986492246,15.731212440740428,0.2999025402471575,7.176720371552455,36.55202417109611
6.7253907110953834,54.070342261589786,0.23932554839202058,14.002021881167682,17.661961359055177
29.40794971279869,9.499369600785718,0.2661550680855912,1.766008518332131,18.897516595394222
26.257110343162207,12.91559574696497,0.263581636578155,4.460840043191755,36.595485802417784
32.03988896881136,32.87414641678255,0.24179629415963305,82.97572275166638,101.37246744129887
5.084687577826861,9.140726627512402,0.2143250454961179,14.315351621259422,57.802114021443565
16.38236558293512,9.453073473912234,0.2222744904171287,20.2982831919274,91.28980318974394
4.326474834882939,12.33901023159319,0.2572948452624405,4.458299661661746,17.411468624884453
15.544823331531571,7.21164250461722,0.23129944101894612,5.144119723160836,7.964443115906769
14.239263959383873,44.84312913962444,0.17744648735009705,19.133971427325996,37.79139159274868
16.270875411370803,11.311903682828216,0.22559645895647412,2.533821277698676,74.36034350406318
27.95118703631441,17.796670169571634,0.12404044808935372,26.294023461514858,126.59572930015021
43.54597689555122,16.016981686244023,0.26177882500689353,38.62724824811383,20.819976357341424
16.701711711221833,10.096380242133618,0.16318535956299043,7.259714470563264,39.90761068477904
17.35081337897691,9.703053490156268,0.24167113790931302,79.57184783986376,107.47428120658488
57.94370498914063,6.289786819854439,0.19362498307658046,111.77508519216323,16.70476225658898
6.0,11.429213721109646,0.2120530220019976,4.76954866579481,15.0
6.686435065791024,44.18043815933334,0.1594849461787484,23.7674051024929,43.65998924825975
9.015152887665144,12.250683038837671,0.19076205102862145,5.062506388915759,60.68652432117212
2.0,12.081250540343914,0.24210148760513464,0.5175040154307224,32.16006151996523
13.284985463581988,13.065099443223575,0.20114194554733192,14.724842892282153,8.0
7.583847869452509,17.68588649528747,0.23346314177035407,0.9091180495280272,33.900961288417115
12.727462693744902,14.018627019435343,0.2606760993198364,18.21119785743945,12.368052882348309
16.14953600838682,6.797843492703297,0.29867548431962476,23.35100723282256,60.139608557943745
12.26655472171171,9.591963599437353,0.23870780056701024,2.6699297809966773,20.303422289086384
5.583053380196118,10.199401712298286,0.2341197233220996,13.098434417447914,45.37529783843075
8.475267585114413,6.249849529352748,0.2183464212345118,3.451529069990559,27.658296965055253
28.46165334614768,18.60745796539406,0.1,17.458937280589943,133.10118775361352
16.635255606612866,7.500300946072098,0.3330785902049458,0.5219005995862717,36.87908354009923
26.237373233275356,9.221305296101793,0.2825342542076149,13.736386578969498,69.59282164716458
11.083104791607477,4.841344052042573,0.22111651736824678,8.113616383182853,47.75848055405767
12.548400951474045,5.934787051583842,0.2540912222349672,10.741689365719248,46.161052920664815
0.0,0.5579246877698207,0.026698880073003247,253.48538735684588,177.95996533562
21.998133785454712,22.102024837011978,0.2336395639382362,3.3568390983131,38.40030062751869
24.68527003715753,13.877970097943063,0.26142249960565866,39.329344232925735,83.61447145237116
11.271541231361748,18.0,0.24870682629226679,3.7718723395146783,8.941714773026476
22.59764104311581,12.091611215712831,0.2742485278895572,1.812718016908892,77.4828500028677
6.865103159981577,8.342911100333676,0.20114411593372525,0.47835806261761826,6.968650470393545
10.356821587218477,13.211951772116631,0.20356427554014167,0.5401127290018606,6.560032480244325
8.0,14.279862385223367,0.23679675202013079,0.6731204769189287,25.01420394165818
42.544606659947746,16.102795801817496,0.2911897364620254,34.16410901519946,15.76633281767106
26.23306434431599,30.89455436310006,0.1105676865166855,5.0,136.96403271296336
22.049943465811687,8.191951793192327,0.25572013219365924,29.428066437402816,79.83617695492853
23.53452158031576,7.787863460622612,0.14510116340616164,9.62354418586851,69.02724748311044
18.382814062852706,16.73519661223643,0.28739927545952937,16.240351390816443,88.48597452614925
9.116745166007682,16.59830352831142,0.2653357262659662,0.46180439358332137,52.04654558591238
17.323316643472964,5.680173111322111,0.22299464630114554,2.5974766667717204,56.92192768844191
14.188125682677743,19.4375631772471,0.23396132726769067,10.15177859750117,79.52086163995789
47.841820230859746,25.778549821270584,0.11990005746141989,49.30393214755387,18.191994032568335
15.134144484414584,3.0247084856866984,0.2723162118872614,5.607702513746685,18.007126814447915
33.12739100058086,21.771661491843876,0.12601070746206128,19.42556234428907,92.3573290952073
25.18307067644095,37.14961757448488,0.2426900445752175,9.198143468452281,111.11044892311659
33.65250002080689,35.42899733669877,0.1456156040659854,28.748674284898946,66.75788466138887
57.542168511991974,19.508708253935858,0.1881525028429567,91.59549262773584,16.57221000647892
16.555299244554472,54.24000268020154,0.17368773436630097,20.31624323968849,10.225947052314098
10.828811273863636,5.129854058020939,0.21243811425376963,5.908218442166751,5.125551672790754
10.077524506421987,5.169009587165798,0.2847759971974261,6.842747736242753,44.03735724016196
20.820594951430344,4.705733474395067,0.21486960669096622,25.118624110151263,39.724011786687676
11.082405225282372,2.538359076258038,0.24263005714635294,1.8647027567975947,5.0323165797632825
6.9801830114634,9.163807731989015,0.2509724080417143,0.39752427099242976,61.45572947393957
38.30386422116112,38.74851810487891,0.24093792255855517,5.879426975616242,86.38832128632578
16.67009614645452,14.353163383375431,0.232444327577677,0.1120653928933481,70.85903330329285
23.26064360377637,6.512891130499403,0.26439697286188807,14.845972855818623,90.47902610841557
47.45166310247504,14.506235499666483,0.15441534806655563,10.0,15.495084230355927
8.697375462051856,11.040306316594632,0.20734629055677628,10.329977094506411,39.46828772431715
11.964711495873845,10.601954910699588,0.24282788420233162,0.3384883015310166,6.861242435785671
29.89007545138255,20.98641734485386,0.1774488645582546,1.3588451447766152,89.79654117065968
30.0,17.733178749154828,0.23665955955639129,16.90049022046408,50.155193336642824
11.756951729149403,14.142727192845893,0.27598040877925745,27.561073836298092,37.82847854164462
20.0,8.942515454698693,0.2588282606171662,5.161931821250639,4.9942056414673255
4.229756624446026,51.070305524227685,0.2490439257190531,20.811376619445106,21.979069974723515
12.066717118407475,18.14382316904814,0.24070830826743805,8.694083972273976,98.23528208340934
23.617498379221303,9.728324075558769,0.13200432927441716,10.105284727523076,58.8843459537203
19.05059272403787,20.24202214506695,0.22887151497275968,14.840787221645513,73.84809009127864
8.063058629638459,7.503739278058154,0.22966736214429034,2.1694275420003994,77.86531219379326
17.30278202395546,13.751230392577678,0.2298501764453264,18.07831061076566,128.68560301758714
19.276342725748773,18.48910054224315,0.2022027147809163,24.513213856027072,107.53251609000509
8.900877053799732,12.158830767504107,0.28604474909357364,2.044951318605052,43.53266340800212
18.00265947068723,8.194495449575278,0.21013193739818753,4.264583444356963,88.20435924888348
17.132635620272602,10.719704581278597,0.2573396680918168,8.841948666396659,14.13221263689681
49.76989309898078,24.76106437071623,0.22540596219019293,38.763703669060554,24.735476344285576
19.044014639919865,58.2407235364933,0.10802435383757064,76.05779823871923,17.672847351953408
0.9703101165704253,1.051480869119159,0.01929909856699674,66.07101936049177,204.23772450041335
9.868788726933046,12.22267984770837,0.3043012054043245,11.933531590719005,50.99982443984442
36.73576802272817,33.90703374153688,0.15752205232383776,81.99259604305078,95.63236521718673
0.0,1.351051514418458,0.03010661219302826,77.08553719339595,143.43915767420663
12.090199533790281,4.579423253508474,0.27846550345262755,25.550408757506403,29.488805360838427
13.801778151556297,14.647992815677235,0.17547298725315313,5.430112318279949,67.78108878064303
25.879849477685262,20.922431296838326,0.21480162273293302,33.11485402025291,80.21103542186206
6.59616853207399,6.598956176835314,0.24864506161560937,8.463583426541014,30.927212043472828
15.278381612572229,19.462585264824213,0.18755064743660846,38.48870422381735,100.33147689056469
41.03991809590845,34.44287973010792,0.14687626606150705,24.708086770817776,142.56650343933154
24.422424316996135,16.55795206441839,0.26195107242242205,8.971373800132277,56.295244578822086
9.646748571503085,8.06207003469114,0.1985338862118028,9.922557098554861,8.0
9.474289720877199,6.140889723396624,0.2702575125617052,21.49344686916391,21.696962004605613
15.19266389637766,5.508463313482413,0.19100973700907134,0.7673640126125889,5.976938687495657
0.0,0.0,0.02331499764810145,90.98846446957512,209.4286515529616
27.124287826129994,7.580429406555613,0.22754081496174816,13.587760822475627,74.27919206776133
14.476195556292542,14.08477561664533,0.18345102837625943,2.1370705352029997,80.2542128535905
13.14197479297693,10.224808503322862,0.22331205434275833,27.261832125172354,51.4611300913122
34.7957309348421,12.0,0.2276112977392263,9.465165275338096,100.67438898943826
10.363399171695226,4.146851325158613,0.2712218435724673,0.2467138681226828,7.128235133322268
15.199590574925534,14.451124086958345,0.2997720483532229,2.7064595316373596,90.92228746521077
9.229841848300337,6.962507219483353,0.27529991213620225,2.0986860128523954,3.3752778677154645
18.674208251515243,4.0,0.20517437123642152,13.493778108591231,31.821355281375602
12.906020910260633,2.0,0.1989331089957349,27.451207008505527,35.19648073367651
12.028348881318573,10.581826665763433,0.3350078564477752,10.528842371263254,30.08414575295002
10.169294155594631,2.0,0.2736559214810377,23.515661431866835,33.005139363580334
4.458191946467039,2.3546792964950694,0.23382841667245954,1.8292513922341977,7.654100059113409
0.0,0.24888829340482613,0.020999957289906,69.40536963798743,154.66117471474945
18.90569043063516,11.09928831318718,0.19774729557285672,5.9325874605161015,20.032974815283403
5.7881571877812075,5.260829400736773,0.1650119437221552,0.8076256677327589,45.29965677756442
9.88980343864716,4.5238355550951805,0.20078276815662782,6.55230679242548,8.494404794367725
64.32518422144828,25.119349221406807,0.11245167603217301,200.0,13.971146094132363
6.483529226331418,2.673640309413458,0.2759571774168577,5.054521522789073,40.13350778554921
16.278480384101513,12.518922035778276,0.3087542614942264,57.87980399368257,132.06123803310373
10.802628291652269,44.73199843391578,0.18341513739238363,30.060568549303216,28.495940702447314
56.500860151666046,15.320605299455638,0.2358869489281977,24.218604666429087,25.944796444029926
20.84234881542834,12.188286922866586,0.146846660328262,26.644155348683856,49.14999199941127
19.585518060373975,12.546340716781287,0.2053378047052998,16.86323793257813,170.99173967603264
13.637237730111128,26.86308161352602,0.1710792301262874,40.75871250900603,85.60141192877104
32.304934425487126,33.37597980751069,0.16462690055560536,49.5691066101775,49.92054167735532
49.098567374599284,10.225376655684885,0.26741419778279174,10.0,21.743253025231642
25.249033347643316,18.519111893817207,0.2840514050183621,89.95424989959514,138.8212883803965
15.420478577262754,11.342645573240704,0.297877420823896,27.051120144152705,44.956860141274724
21.909655974746332,8.874886918600794,0.28749379322946067,70.04726475096315,92.3450990854424
39.135362444409694,26.833174518342283,0.30796824583760435,7.267741412767882,155.64134442583145
23.307647679252213,11.98201315798384,0.28247884626175346,33.24696384297797,25.925298567787415
0.0,0.01678292774883617,0.005607396961710687,183.14215851397492,191.4727436885033
0.0,0.011902214768902554,0.021082896184825232,73.84948661372273,151.70145878160332
12.728852417410444,12.963617522866455,0.2326800778987707,0.11280351366186606,39.08959315148079
17.861853022764038,10.654523134555749,0.25041180135590374,20.19004151693629,22.85924933550011
19.550758403191356,49.712925442339504,0.15294871371862837,24.509769491343064,7.77016403629051
51.57950765416281,10.852499590047032,0.24960755892310388,121.67535318826303,25.51371957385552
8.400342543760406,3.7747400372138786,0.21620517145285809,1.1270589569747356,64.38092745547519
16.190812249111914,40.067411917044666,0.20313005500901826,49.06221446854393,17.728887498337436
15.21301453445888,7.901722183555913,0.251498910052912,6.727399636404314,44.170271758646216
30.0,16.735775729148802,0.2080127932178752,10.352731333555912,52.25075099310378
19.13511352474545,11.951286618064156,0.2126294583375416,19.304601350855854,106.62245657601481
13.550960004804205,8.784442558940968,0.2625110326358255,20.042014639218387,37.57466573608833
30.458363782739195,20.665783900497768,0.18296887416659555,8.74880421400691,85.58904150000224
0.0,0.0,0.022624529275217613,239.48289553239096,102.73992823801905
21.19066212041532,7.4371412219897906,0.24982835679886917,1.7190538267546494,20.476460785414965
30.827750212090983,32.343855415090395,0.16916954405055626,6.1272423046362325,32.96543051649935
55.18437831095483,13.573457006348793,0.21298747401354667,49.448945259591945,23.765429759733582
4.668290236298564,4.082644798511261,0.23623888337834956,18.63063384443875,46.862136831163085
26.32702235349207,25.61833115790367,0.23628988997306694,64.65924233863346,66.52651325113611
21.61298357406234,3.3149810774435675,0.23150765603749962,6.984711838669584,57.42053281420571
18.997182595643487,15.676965575228635,0.2805408216732785,14.7460107520133,57.502652513363635
36.31223045956414,35.88662864660771,0.18129812122065878,33.25879086892142,87.4171486199871
9.855603505334035,9.593564071907343,0.14,0.34789935482040607,25.339870282553623
40.133026710825725,20.998418930485997,0.205503255165637,10.317528216014288,77.13518154897942
25.362363298440183,8.124736372200323,0.2343794485829191,6.583789298631521,74.08917502445831
19.563735450164792,14.434998785243954,0.2594757726029304,6.395690217614498,52.04515461591688
0.3659849034688373,0.0,0.01656206917745412,98.53224717993174,338.313039051275
10.646296104200548,9.725374000190687,0.21087724389411644,12.932280555994012,115.643654705255
24.608513563919576,23.75792813073032,0.2254183928524605,5.323106892091634,74.35417869656042
5.548635097643605,7.143819738619946,0.2136958506415542,22.262803816974095,79.5309190851635
7.507931629230008,11.627458335531756,0.29429586999368834,12.302052813495939,32.617118304929576
29.648788885749795,4.0,0.2536414596523597,6.063908305302262,93.30521114285759
13.244756589954916,5.003978960935716,0.20799706970836038,5.039956904880823,57.779115462772225
14.38555865629818,12.015524877920148,0.2255519084476917,16.239727733825127,77.9396360941885
7.769814996882662,8.688534892258033,0.27080484743126704,4.4914697782436654,1.846636051028688
25.033538692488243,8.549146967116588,0.1907734973213241,36.32659389609614,49.2530365019107
8.71180319320966,20.906232532702482,0.13286865826206404,24.157340802038973,96.30087998152237
55.07486385979467,21.078420644402094,0.17588325794956833,147.03963629940074,23.54527664706196
13.860013520070538,16.455151368057216,0.23317241656657167,0.9863880171337938,41.41326756782176
19.610815268725506,58.00918404687377,0.2319321399649686,11.96516299803551,20.779994230809653
24.161524344005883,12.0,0.22308678662733064,10.237379164162773,47.04012537880829
36.75295060920234,37.57020423361862,0.11171836134604586,5.0,131.9434119659248
3.9474781499665603,4.977404587501046,0.1937610804724343,22.845532916828134,52.69233575835202
16.848297007545597,13.833994310024158,0.16731446759312046,3.3824983116307212,68.6497450313856
20.0,14.700937517604515,0.236089196559931,22.81241009702852,81.17668527292805
13.30579942453181,10.384519721426413,0.3112484195873063,1.1110901296854105,73.83410903303752
7.996132201321753,7.10349428092645,0.2415909197818214,4.760271251228037,52.83930951640276
21.381669538095668,18.512941153138737,0.15300370891279097,3.2495917361707143,77.26734038083035
18.306530132350453,17.469672947205574,0.30180333462143116,3.7838487939187178,45.80741026598366
7.129348250900547,3.209198875937232,0.3253867550296322,9.354669788728133,52.20976502323746
10.064850260075612,2.058708498031173,0.2436790644206471,4.390342431638462,43.091251813125375
0.27252186563298886,1.1934436089207354,0.004690848774584987,155.69039260549002,181.7789600459824
22.130586874415442,18.26487487596142,0.28180736047936433,19.695060252247615,54.08755565021578
10.76337356990577,9.678873659338992,0.24754614809013653,11.362906970713889,41.12647972209684
37.38374003175702,15.137246286049951,0.16004666829226907,19.90649781995662,40.16175047081834
11.236949006497758,11.233007724607234,0.24547889595862915,8.82266013915676,45.504468503868374
13.216927406460275,10.89428294409343,0.17601701641613304,3.1425705225080804,3.0692347941351463
12.510258232871132,6.313280992871734,0.226888697149398,2.723391717406167,63.80204868817487
21.769093973484757,10.305309113730189,0.27585687636855205,5.445160908080966,52.18562628454394
41.394845230991486,9.047756684290905,0.2528777780310977,122.13331100819245,16.219145098141066
24.144271176663903,24.0,0.23063741943958713,7.9197673537079005,45.813536670891686
39.15752014453203,26.68368027285588,0.1577324918124896,108.68036082801181,103.39820916337283
61.70549660365646,10.740968042408667,0.25426454711991797,10.0,26.39824546741132
23.98656854703251,14.29527785221391,0.22474166932810738,8.2720703105416,54.93520764214733
27.17354022341991,5.981973578827864,0.2293860059847674,0.7791300581630585,53.73669952483819
0.0,0.0,0.029084305569496097,60.0,163.54305584763407
7.279066734760208,17.30788527728127,0.29201339311393254,3.3745407125598814,79.55153086159234
22.555666835996952,14.831082967731389,0.26103669639379223,14.054126479779992,52.846915142839784
0.4488880435071189,0.0,0.023861488451759123,60.0,268.0244112921469
11.73736127834027,14.719363759286189,0.2999028247104911,8.12430090389607,52.62305105879173
10.088837675328826,12.878711365217972,0.30584764885518845,3.879955686159331,57.525111302875615
2.0,8.28209090438398,0.2174909399712937,1.6419182745217404,1.0
21.184501726001297,15.890429120486813,0.18984151417133333,32.3115078874237,99.87061015758192
29.46405832498597,10.555623453744424,0.22084999160949653,24.172429864392342,34.94106893477229
15.706462275600279,7.701531612069097,0.2094422154930795,5.892852363577191,6.630571991605985
5.373527140360286,8.674672661654444,0.2591094583406066,0.0671065003991687,37.39485258049545
15.064013365557681,6.444993867166992,0.2557409996255545,8.898547231647782,56.1374512811345
50.46888798219467,8.71173447942307,0.16156891981974014,10.0,8.30790458314089
15.273363342973685,4.222529302727029,0.2359797889578307,40.11891532167867,41.587284285236336
8.194939574542339,4.0459370611386545,0.2923468275608627,2.839407638648203,77.0902987555549
33.66612842976464,25.668436765672368,0.24431820523765418,5.0,77.90262258346965
0.0,0.0,0.014770540428221679,60.0,314.90445040928296
7.123562237959225,6.331606171122777,0.2923482764307654,3.1269007920997205,8.51842266569875
29.104312734664703,36.20554601566686,0.20087500417796159,32.78609815275614,76.15143761882243
65.2758538625078,10.414555496668669,0.19002717187414575,59.869621830163624,22.978201742977703
31.70441276024026,14.746424303220355,0.21586785686294427,31.677264294287525,70.71987683120702
30.61567402430476,18.481439062275335,0.22532207585236833,23.831104193888358,79.90126431196475
54.095867110966324,17.43383526596538,0.2251037687027525,62.4194779185687,9.36441852353035
26.331382253551176,18.778483403312514,0.1435205708688445,16.88790771172299,81.889047210862
49.72770514132015,10.603760688219584,0.220556692179108,55.24867768841112,26.756754794083832
49.68782511815323,27.187720031661716,0.14651624284872936,24.090065687219788,29.59726780195244
61.61287609720733,16.38934882129688,0.22478628519047478,137.59402388806402,12.262635842527736
11.717516074704522,9.59745988364089,0.2732408252867048,4.351600341364877,4.7482518991416045
24.107455149762583,4.329208116199126,0.26141067979733135,17.35034221712006,60.33802817723258
7.267894693787349,21.58551810327358,0.23520623637651986,18.200174908882765,24.175431213351494
7.956664637137686,36.467853287016574,0.2796165235488014,18.305644450866467,5.190381354394617
13.803135485781171,9.802182490112564,0.20943782174659553,0.1067800997272976,47.31972035771104
17.81048368469097,61.52478246288504,0.1778701288778588,5.0,28.07109480253779
13.497365103846384,12.218957092296492,0.2654874487851695,7.635176870086995,29.55935349484318
16.661179594146084,15.056601209735486,0.21255522134039645,5.187929710153239,31.70077214293078
15.458590339874311,11.171655865597968,0.21953723081080584,2.945214171071028,34.09794094700016
13.918769942565632,15.443700127368045,0.35577454134750247,49.80173442564576,111.25886456360095
20.017852803690317,22.80805408668445,0.1956001698403178,11.747112519762197,112.85263271966917
32.18136243866631,39.86780237967541,0.1439673562527026,5.0,114.97113087976288
10.982375385851771,14.40192172660646,0.24036830885775007,1.4699766550008635,62.62774603252919
40.3787419637313,32.63192802016912,0.23540317428080398,7.139070270306341,82.3767187950249
11.722176270855986,10.158684005506782,0.19272336111459035,0.4409150694467886,63.39387604275638
13.236785810990368,9.551333528370549,0.21351693693737062,8.730301286887972,120.13894539215809
12.610192898823755,4.88093173274202,0.21656912767668923,13.695799327058008,66.36712624086522
61.582460372166324,22.05480894639446,0.19447085273818682,47.22760833639204,7.874403898815869
25.5024285485162,10.602557057210854,0.1445155880157103,38.79434656678147,59.50132808510007
26.441731227118673,24.397447844395074,0.14259501188221374,7.859589124572537,77.19056077801895
9.444742119307817,3.8767639044636164,0.2833406462291929,7.451271129379921,60.1742679618419
10.089417917963836,8.929070394229234,0.22063547120447247,35.37415744551782,109.77390742188379
20.34023660655977,9.30822532108187,0.2087903581423797,1.8779797409240695,18.1379757277792
19.244283743560434,9.745057440217213,0.22654439980490026,5.990172046934394,108.29179735217289
15.082580268609934,8.159058525235947,0.23880979396653607,0.4518688773567638,4.128652475999873
17.423148104372473,9.87388685853756,0.18031512167080013,6.339753055859677,59.94964668959795
49.562872511587706,25.470081208624475,0.15176260151895826,5.0,65.55935762946379
30.97073157525857,31.03005920252584,0.19352189600386555,6.5740424631814065,133.4154514822793
14.154245333088083,6.205773058014781,0.1949402801400265,0.04165491066188338,46.30673125644577
15.712565491563176,7.087201249430012,0.2558876483110175,8.248111196659838,69.07596039756412
6.443559243927844,13.527901062673276,0.2649047378120471,1.2028285342690872,15.877064282550435
29.026475263812657,22.723624268733772,0.1540736999762354,33.546369088981415,91.42777186985701
15.516391914231972,11.878831326177119,0.23265831728623096,13.724057066759086,54.46697356485355
9.707992254050573,7.450694505796296,0.27079978691592327,10.617167010491087,24.663813327859728
8.448109948820642,9.630981660506858,0.286878561545236,12.443354135211974,6.393751548294313
11.659208822664649,8.721334642330673,0.2565307668820894,3.9829746481945008,44.03678127841744
18.308253444093125,8.247864962921838,0.18631919951907827,38.01667389483133,77.65940778860886
20.836383643767455,9.610461138457929,0.20611973923831323,1.371512964323255,93.3681463365933
17.665268486115124,11.838271334417637,0.2029151935719849,7.337107708994037,59.32288286990737
14.37445809165369,3.7809593281773655,0.23910120227044201,2.834061504801052,15.11617194360198
2.0,10.787105890913873,0.22166002516785924,0.7810238930353862,48.23327194603728
16.654643376876624,11.515976738354748,0.30566044036750617,1.7954922219170217,36.74924385609606
11.403144535062104,7.433807036437153,0.23102997676009934,1.3250143339135398,8.330181204780683
10.369405781817964,10.726795555256295,0.22541201043862918,3.904409359468087,42.031505471900275
9.64461495109932,9.505052627618465,0.19337654138429708,4.39430143632663,7.109177873486869
9.578266600359234,7.838536580311342,0.31636789330939297,17.608524643596773,67.87028686735803
15.271292657834458,34.0,0.21506567462570203,58.173024516062,24.999627270663236
68.47976477879745,26.81776497625367,0.1401442919183763,23.39798039695471,27.690170471672506
17.584303583878288,7.750661399741367,0.2071342498968292,20.826989626486323,51.6947846306556
19.715872280465764,2.0,0.24439615547841628,38.37627951002414,19.79076721642009
4.734387360856678,68.0,0.25323682655447927,47.67889504403729,22.157481860285326
7.588663918687292,6.869092183719218,0.2871505488917352,1.1678026867607316,42.815858725407466
10.2421224443072,9.212289239396403,0.2616829008137914,3.474086520138699,40.250042914439355
26.79883272806393,13.334602503779198,0.26325503217383733,14.83795718568864,86.8831950197613
21.227817060870446,11.014042107917362,0.2565393596727368,0.35752220045208494,48.402789454486516
29.250843554891965,16.39845939625731,0.16839100949041766,23.279381374639527,51.7272138082127
44.42265299733626,17.65799671619328,0.2210084177618949,25.441589170767475,11.85890418073025
11.697059237396532,7.67839365627513,0.2443547274538636,0.549259216006575,47.73545161517583
13.361727141829267,12.257786228062404,0.2589987750573581,4.594379242522246,38.20717544416064
19.700063015178024,11.646853292145138,0.19952732374334353,7.307120273126029,49.53127680362502
13.670926565431015,6.3713953494678295,0.22463028356893106,4.382565063217401,19.385317995856372
25.39141817879054,12.549336103383231,0.2499543313843487,18.55908127913777,87.44707223935794
12.1816476564328,34.0,0.2688104910721012,104.04732158224047,17.815702106654967
27.37192390789806,8.213215638127203,0.20310803472933897,37.12186933753787,147.44335824735583
14.656056609565997,15.702738280541556,0.23179850474387928,19.544077324468017,40.13981529637779
10.48426689998998,10.692504680335656,0.31162014091390067,14.971919506561445,53.57805060337758
20.516553477653833,62.51863076241095,0.18839034421492962,111.67175101689908,18.698541832039417
16.737995259416625,4.0,0.180393256524549,17.945602075267118,66.54514628851976
17.166377330746492,11.900991580402344,0.19332173239979347,75.51128667733907,63.11375627540906
7.042321664566157,8.204390001357192,0.3188592402782668,8.966024016927262,37.95062669976768
8.439750932889035,6.440115528907077,0.20641179824634748,0.5681909067707879,33.73643857148506
43.76465143123207,6.91394265581975,0.24328004812717519,10.0,15.98152692125434
7.575987922583163,7.828891397203156,0.23010147183228638,4.21223116096545,46.17416621847214
40.67585472286524,38.86108428483467,0.1,35.44197368959909,101.5226384569476
34.0,17.09493022046882,0.17142067248931173,0.8882536076525216,76.18922261656726
50.16374574569536,17.431334366612802,0.23412658542893666,91.2114867643859,23.90356683306141
10.798379648614423,10.42176074486014,0.2351257833047291,2.475270421227737,48.100501609550115
12.029350452165213,6.373710722911591,0.2518303564941181,2.967226360322303,48.84674193065368
14.006417020885893,4.629723338556747,0.318160318584778,19.27814163426637,65.0335570886958
34.76053192886094,34.1148593314506,0.24818367358549284,18.782990623977213,81.94787256360107
17.275559606016504,9.012453192465312,0.3360690412401648,36.93125766982748,49.32206360112169
16.966514691171838,68.0,0.20205617228832506,113.88147294660854,16.414062471698877
14.278176473165772,56.869842080770724,0.09,24.02580672942904,33.38204169915185
10.626166213294104,9.80604586076162,0.21438014057650304,2.856827493910443,4.923873082563622
15.365662167653943,4.17691230663827,0.19027858783767793,0.8913776516038707,75.21014229334948
17.52779577384315,20.482187959886424,0.27660521199061927,7.136765909603371,85.0394579426966
16.954231583816604,6.145762127339665,0.21270940680358613,21.542422314731702,54.26776388512771
34.0,19.437714543292437,0.2684325901560108,11.500919237791745,79.13532188767053
13.49182744471081,8.46340312437382,0.23392069533684515,7.088157388626496,120.48527188245896
39.26647066945217,17.974073876393792,0.19623635116306637,20.16664416931194,20.18827208820814
13.0771601344053,56.307161270772816,0.2497051435705465,8.920732080703885,26.594949593290586
14.477625195282158,8.357840664754823,0.15525787496432586,9.066155302481928,42.25340047385278
26.206553944344005,35.417479486722236,0.2704931936874131,58.726494468917984,113.35364056013695
12.265796710925402,46.61502264640682,0.21093732917304472,16.065757947193774,49.013038956981916
15.429028548637445,11.193768826715,0.26502685916461705,7.724927736999527,49.5813371227278
14.609528455123712,6.407144469529855,0.14877448146886807,0.34914527957054536,61.829244778373585
18.283647537002654,5.3146611454872055,0.23336634172886456,1.7585972338601543,38.77758744727524
49.16240986086462,18.352574287471114,0.2054840520821121,22.15253866854514,43.740631127924836
9.163150212851939,12.936586218674302,0.26720637481184234,0.4076548434610026,25.177731706211706
16.115077611977675,19.847336954335127,0.22046653315154063,5.282183674133258,111.13319482725628
25.400950501144784,11.38839474098333,0.23979967090957632,6.622270666516952,15.0
25.904719899659717,20.408977248908172,0.22715667530535524,43.35289281612873,90.91727715218235
13.18390286019886,14.74800647536248,0.1867659048075253,4.976382857965928,44.41191638194084
16.718386774195345,7.148128193444089,0.2924672627052072,1.4686604333185471,40.09961299520813
34.0,8.997559995443753,0.24871657023976898,88.92110089879557,112.06336075735356
39.26540865443227,34.7573401054826,0.1277570705809355,6.14692577241116,156.1807575678484
21.631288899467332,13.830900840892568,0.26611437757332906,32.75051893026996,28.653637704203533
8.160683666345527,9.87928219383168,0.2639600754792705,2.79651966456711,40.738695427364306
5.636246405795936,13.410460151363441,0.19968134317261207,6.163597409843675,27.636592272028448
9.102079519561084,8.29352611638054,0.23948833491344929,0.9602619172166762,5.156368615683126
12.310283951424124,9.66030107931147,0.32811403398161043,2.772360309537429,34.11032509984317
40.89145661333957,33.81205439719472,0.2148592955116993,84.28517420784907,139.9797758464835
21.161335188715004,19.947779614446713,0.24541146179726608,23.25838620680844,120.9277011587186
28.0339293540867,12.092047386383777,0.23488953586426173,9.187984673126502,55.95695908864331
47.47984051719968,26.467035096460673,0.12732650623858618,71.5217015124994,15.333342077990025
31.366438040345574,22.38114157856124,0.11831532251761526,40.91972528377892,77.78472896916081
41.3300094137597,41.127403427679255,0.10610889158593685,28.539680107125637,114.54931405699038
28.7475583820311,19.132827886291444,0.14431833035936606,45.70326999754806,87.51726322407346
37.676440440330026,23.219509475624147,0.12125739162884973,13.07048390985772,154.5811270188816
25.277281381321636,19.379858328019935,0.1842796450967422,13.616860190352183,55.508214648359434
41.518704466823394,8.756837462961936,0.24626726012397185,21.78755934725506,14.119657428749255
22.25904787307842,17.289206831414397,0.19608938103843282,20.45378294289594,80.79573768008044
20.10808829574745,43.4167771707451,0.12561798698830282,10.813916964861228,7.833954790843432
7.976792480679681,15.20438070775553,0.18831218693384535,8.924236466495312,33.70230949288607
13.181451576274629,22.27158373867063,0.25553654092110367,11.88980524039572,37.72583476659374
22.45593331293705,13.162307291050059,0.2128618561487404,19.919469282476452,82.04408605542763
45.89655242783725,7.1680411109779065,0.2359800386755467,10.0,15.656679350054091
0.7115264440070258,0.7594620365605784,0.008837480224328974,80.10400785491252,187.6371786855159
30.0,8.011438462783357,0.28231333272604997,20.693929611019655,72.18662945014977
23.986357242906845,5.477726813229866,0.29747052974816873,4.0186279173072315,94.73419153813107
7.452123471800902,6.800697968158426,0.32099900457809727,8.610886550299906,51.037510913492895
0.0,0.0,0.03730929858409248,219.97328172391775,198.9024257102338
39.808012099857876,27.335281972101182,0.20805138107324214,113.73237696768697,117.21885306130896
20.37491447131323,9.270162593403269,0.24643430896647112,9.949815145249334,78.15413032804886
41.82723057803423,19.14075557764544,0.22384694523700038,55.79766105575299,62.8930171831192
20.90442440942187,12.231048004525672,0.17525145387632896,90.0,72.12550368281074
11.135835917934845,13.981435921284506,0.19963108878159633,0.8123787205696028,51.25207509178611
27.009676514237064,9.925826637078451,0.22213511205504477,30.819167898623025,48.84864098874806
17.80178795646635,20.12029727502534,0.235893812057111,6.738526578953769,35.980442579971246
23.016148540467544,20.776140418349357,0.23877770295299316,16.857344976404352,75.01079757009964
14.959953049570657,6.184024966487881,0.1970402924152863,6.7900430775158895,70.26100101346299
37.45207397032104,26.200934095760907,0.24262840009899672,39.19034435392665,62.567281620930714
2.0,8.692692082008183,0.2813511491202073,0.11587234621782225,3.5394531574466717
21.00694292074276,16.812447732165527,0.21058921193440394,0.7379567432546857,78.3568645632794
44.86260530384889,13.417159871399418,0.15533296476819267,17.640621019833883,38.921158567935606
42.71683977402073,28.0,0.23934367603176662,35.703829687018924,30.41912049664583
55.03263862552379,23.30885729383337,0.2329044353271402,126.12887723048654,14.90107802565647
20.120213061274576,15.998044490367533,0.23081165594553232,14.609552467720652,60.06749505165132
12.259853006966544,8.283409513881832,0.25721403942580495,14.111865819725736,35.263704513499746
0.8935537783528187,0.0,0.01724018712479333,60.0,152.88543304696668
10.70816455067561,6.52929596266118,0.24669972711041097,6.966067171192896,93.17425988825497
14.952527208215866,10.29835945704359,0.2525651327528362,4.469927889384585,18.507644061128854
25.0,9.829861592233367,0.23750914416791788,0.09198513940405893,75.50507523854952
26.089060091121624,24.0,0.24084824987009068,0.5929637598926385,86.24911589410667
14.893826073519312,14.336005023669916,0.29905198884841167,3.0644679224778812,37.27446507889331
13.938223009463687,5.442170384214419,0.18779577858302693,3.3950244440594157,42.28879402819605
59.14449208438923,8.056464207765451,0.2480732015604805,10.0,25.767406691773964
19.976784525186506,13.699861434049161,0.2701105802461621,2.769621801898827,74.32167500789598
30.120561042650955,17.382969620614414,0.26637246694857375,9.372691444119333,77.41711752670261
15.876966002589937,20.862288470379873,0.2280346449827107,3.9180977456783905,34.10667019138493
0.0,1.1532974144828732,0.010969194184520506,60.0,220.17239198115684
23.317018759625334,27.917675593567225,0.23499598406236824,18.101600283148656,76.37489672881787
23.556173817655225,24.490375934951864,0.29713669601449716,15.938211745907111,88.32888318982577
12.633338867123918,59.301471576733235,0.205625954393051,5.0,30.571032745914138
17.31704024390906,13.165420282955036,0.23688679983619912,1.1053558127432397,1.0
4.766693903033089,14.757949811061415,0.2593284264950608,0.5685963339933614,34.14037444407756
36.0,17.428418644398327,0.1848632044774607,66.92876483134681,2.0
10.102539457494322,2.7039950432956132,0.25351289812802247,16.44506097556676,64.69391897847592
61.61155229210716,15.628408667766982,0.20043139321901723,16.052288540749814,20.422993428970827
3.918246726165872,6.22286129299917,0.18305963725153462,6.621910293566455,45.90311809819701
16.309076634337153,2.0,0.21616730733283454,4.166521499714554,52.81771966153974
63.04554454838218,4.0,0.22964367973239735,10.0,29.534133116227185
7.261026717395988,9.944466701766952,0.2257314181568829,5.192943454371934,53.883767789056826
28.018025510890233,18.280786572794387,0.2959078545127596,20.841588646137602,51.00296094627368
8.889986997078392,7.129745762358641,0.22148048547674276,1.4297353514670732,4.313227715002421
28.443617649609916,19.268887058590572,0.17901780073740528,20.578262094014818,95.16395423306173
47.351401751391855,18.062074616574105,0.25747583298983473,59.867617866298474,15.061311778233213
6.88979082697461,13.930411250350895,0.22977305145886864,13.625459607201629,49.117938932936184
17.38410376857821,3.448085484425679,0.2583087987627348,16.624803543990918,16.233308126409717
9.27206189301823,13.093528273496343,0.2475657608832717,25.15694983860523,25.093645446783338
19.509887167162642,14.223782798947859,0.17595724664228635,35.947900074181945,117.56165618894364
19.980911555999782,10.350996390433842,0.2043062793586094,6.240096440589336,38.101417455524626
12.26264766019513,24.773841087082857,0.23803375582644679,45.27384468839402,132.07142847994783
4.554479947565465,2.8132606662804287,0.27763611606924693,6.516901590136629,68.87718159174055
15.98670777677164,16.813397188930136,0.20307890470955153,26.124359594106814,78.74021368088995
16.56613972573265,14.001348099234558,0.1289919045647429,20.441242795492162,20.0
14.410009896083595,57.71091164717803,0.12240940836561938,5.0,30.834335947170185
0.0,1.0318577683007728,0.02386989198910414,296.0272394267712,230.64464824389037
21.775938889936228,6.2247315586717065,0.16351463352152504,82.8166396634491,87.82068497717437
9.316439621786742,45.80999603093815,0.20000861902417177,52.44723091388075,8.334439574090474
11.974803124002813,8.804005823616466,0.23955607449150262,14.389890575063596,33.74173782305704
20.703620749631582,8.600968346258272,0.23455625996514617,6.647463392557947,76.46371701195599
34.772412752794835,30.644822893971465,0.22072384084654334,45.314537056818004,132.28941375271182
9.600666134665884,16.229298093807202,0.2833060422105733,18.261593861532823,35.52467967985168
13.599630554877347,9.335502007354062,0.20953533932032667,3.8165216758510967,37.78084028249288
15.415358240150468,2.4559910934678983,0.257693479363385,2.072461231367826,10.123949720624076
11.300204443124343,6.085394444233463,0.18743417303508647,5.029437510549542,7.026870111403971
13.62607728571892,12.039932101813752,0.246922714616533,6.420499764845072,57.79511493618156
29.054413086034018,29.49697936154121,0.15230212731016832,18.490047501508982,129.33707792646368
9.265394632110375,14.188704890961368,0.1729154776186097,0.8105437060746304,29.42007474039609
36.0,14.653934484956473,0.31589135515800193,17.857588293741284,17.871806322269926
13.696894937464151,8.742952079023171,0.2637818417235424,4.6754982280505235,60.76868600485376
20.249662182726293,15.070288655640391,0.19368352756984542,5.917255161114177,43.89277505077042
14.67672201281789,8.978005014123362,0.3437335012961869,2.4050252721381713,28.535038044288644
13.890470736578303,7.806869467196269,0.15220019395289663,16.176365987691945,63.23300269807253
13.971623586772413,13.768172392419558,0.2608661073911997,1.030275448433585,3.5699925337249
13.321855641628112,15.924642470073799,0.2836641628939817,4.12048240848765,49.93714062225125
17.038523047966294,2.0,0.21481602236812408,3.05104384390512,53.06173432162706
17.882212155631155,3.6990569290059776,0.15802442941432887,3.33072831730638,7.787677550158689
40.53936038147974,24.979246801044898,0.26211316139287355,12.64316607966045,127.27834897355288
10.009641213251369,4.0,0.2133197303859391,24.236938718920634,67.00981017641064
18.981740942356463,18.799349888096856,0.2572009020186707,0.36558454169798016,59.891005324402556
15.054281628756645,17.559604648975093,0.29480451626060006,26.265272883212237,51.1509522725648
11.519442646067652,16.959646956904383,0.2558918297205485,14.659715046873313,8.0
10.906219890793684,15.058147861660295,0.2516849653202071,9.18606895636238,76.97339961598749
10.1701454349345,12.846627360651912,0.28790318788839986,6.508981737960073,48.01357776422106
23.670631109959647,21.484542082835937,0.16261695161171716,1.7689585444741813,76.00282328654131
4.135292184517785,11.157827000292786,0.23863623809197487,2.598422872503356,4.727504086744421
24.742378279778304,8.664376309906388,0.22947845406990106,50.401305716742925,86.73782491025153
12.406329783782953,3.8387588394148873,0.20417097073303214,3.667389323722442,32.43744462613716
34.0,16.749577705245702,0.2076029007162218,7.43752911567281,113.39597995729387
0.0,0.3102040286804153,0.02134036612387314,127.71268495833142,362.8715470416514
32.79395062900958,25.60324187553564,0.15316510379314627,42.15617948218704,98.08416144151334
30.751921556754944,9.535043829444376,0.18323084857882657,43.00664758071299,53.87751795760952
6.846364201585262,11.983067307121486,0.20352651021107887,1.806251838073742,97.18619772057286
31.06312587668603,22.566148517112897,0.24519744801454227,1.5576006203948216,128.8120145132968
46.41795873077364,9.761682112075512,0.23990129297260954,95.27705852624659,24.737270545643884
2.651705453676235,13.384886454864525,0.18066181687224375,0.4188688925089856,2.9157072858776547
32.06346494266333,25.333607374159023,0.2508665287965099,82.55884116142217,66.10148325952738
7.239911383924441,2.0,0.21543565252210028,6.043720973808581,32.83858612355044
20.0,18.225002206886717,0.2159780236687988,22.740613339487513,105.68409348783483
5.466302020307836,7.300502998952182,0.21333972732326534,6.1241400143376294,71.25603783094661
16.952155743203946,11.748596861598049,0.250056876416532,9.734839647220998,50.60875767694162
22.12293082477937,15.471980134983324,0.244523271407722,44.002211111618635,86.01954699575172
20.08842616700138,39.54021815557829,0.1907857720577924,14.79775023388899,18.755348764763482
12.089838935579063,11.98829377976588,0.25813442876850246,14.927982609915627,48.49413861385118
20.362496557734353,12.332601679081215,0.21921904040701634,1.3100303964093507,90.22383616365907
29.10555453630113,21.225579478479244,0.23485890476575144,5.9825957060300805,77.87341175107558
34.32008623882509,17.787667926943477,0.26030388103318614,29.627903830039116,96.18849568222971
16.05653770922328,15.57325411946054,0.2194708836455934,19.138576650048154,55.177671391868074
19.94166323277863,15.40942505301256,0.2747621527243862,46.17158712399667,125.31831898766845
51.196758276049295,9.851909549993824,0.15323530925669424,200.0,8.005008903546884
43.05086386959735,7.10983966006064,0.1930787788906871,181.01616059061365,11.871793551859504
17.640835198113507,12.378198792923907,0.244737899773909,0.3755583612679094,20.96324084330833
22.075545058519808,15.202205304439527,0.26493507033568064,90.0,122.84187186365276
23.56167402769937,15.587524647835991,0.23001978673125986,17.005859850938524,95.64339710723115
10.096580409590317,10.248280527097604,0.2735216001521789,1.4563759143334418,49.80000864177511
25.627084318358172,20.01153614007772,0.1565942922421525,4.840081045824671,99.95985218542285
29.138169284994277,29.15660366926106,0.17815643336414597,6.661468937155643,149.64551481009718
36.32615068657517,30.470635516499406,0.21947889383188784,5.0,91.4453825795448
16.04388036752472,4.1791172245569355,0.22024504741414025,3.501562845992492,27.40327456452444
10.364250914926465,6.130865715996672,0.289378441166274,9.419320557798464,38.92366130177593
16.008615460497754,12.393517585283275,0.20508346876176414,0.6687701204826404,121.9901166089565
6.921188272118289,7.8831996046969275,0.3007859406378245,1.613661827336789,18.972912464328008
15.449708392244824,6.5901258483533,0.2345809234642527,19.309429300237387,8.0
16.58025903718501,6.049844688296033,0.17273681690786946,5.8114393315982875,53.009271209158456
14.045853919335656,17.709749931900003,0.20342316047483028,7.1061806959348015,39.47204238712969
22.613267855235904,11.414286782522893,0.22104972513169632,0.9749055042831428,43.17784809434595
21.074594206766907,10.151087028050858,0.27360440010238557,0.3616993264759145,42.93935478576898
7.326032520907946,8.071077023443518,0.25366588030821335,0.4134912658548047,69.89193676296641
0.0,0.45927552041732106,0.028442616165791176,350.0,257.9886033354015
27.676982954224265,8.874482628718749,0.2423131995192946,5.278238653317395,63.61852542358843
7.329743032396293,7.055411511727959,0.30052375494201455,0.5646252076797702,5.927897951437989
39.456414484991726,14.56864382381103,0.18028543512625683,11.303353513649835,77.17162660867302
23.842516141879496,24.621849566071084,0.14815920881589587,48.041349231828285,124.79325172588588
19.937851522615638,49.56033014783826,0.21962821932640472,8.349907274984169,18.374221319779576
33.13755876218237,23.293688087524842,0.22750219550366188,20.58518743975291,67.40027584481106
11.04905517164803,4.531784450816449,0.26020488977359957,3.878823655552394,26.828877077546945
6.958295694458375,10.61072567227872,0.2065054788169468,17.05052048615628,51.477492785022925
30.02089625816528,28.451946600321,0.2176290682961653,26.62834984860244,100.67360319996763
10.31334481450083,12.237893986066938,0.22640557014936677,40.0,60.3097186701001
11.740383582891765,9.234428209214714,0.3350295986770123,2.681385761319564,49.032427703586016
8.85633163974634,13.875294581127932,0.22896763854020372,13.723427630143147,29.75753640822275
17.765185434032336,61.07391490892442,0.26378101074066795,5.0,7.197033403194826
24.412551586497592,11.670475140401871,0.2853907812115178,9.17022201549451,83.42901840674683
15.509032037778885,11.325573024829497,0.17878069488498693,19.94088718069355,66.47399649012456
24.591120627384385,25.933364781509685,0.20236000140763913,1.2182559622268345,113.98099717224983
10.1201586307087,17.58973461782326,0.2362772187396211,4.490319140749609,57.24284141217663
43.8879456598689,17.06406168801912,0.14895928374083434,49.68855782375483,197.50760069694047
27.4887291044976,21.02129332712458,0.21577969544128917,0.9052144370395623,37.31165283958503
45.87684790307904,20.207158746561266,0.20705356300202257,5.0,40.88882670432217
49.43254550223037,28.591663169128452,0.1792022597752094,20.93757092327988,44.17227305945449
8.590352003864426,9.300274253068995,0.2274066480882996,8.898195885946537,111.39568219994588
15.309948385251378,10.0660766210924,0.1699032845848813,1.5364452593160176,4.927008437161823
12.26401587934135,9.852650962922882,0.3198439649346191,3.4518645130096153,18.09499485860932
17.67122501020923,19.8776809549399,0.19088916156824365,6.826409203397539,53.0188458223124
22.901064909926532,12.41156612212901,0.25763063046796764,71.42864857009556,28.13254353885845
18.15752439142054,15.4527732436081,0.24722337097899502,14.8059461933493,76.44763496481805
41.8581870033518,14.231884264395443,0.21784709914276498,60.19008883535051,10.311156066508676
52.85249776208281,4.0,0.27638463294417387,43.44933367434734,2.0
20.936004478859928,14.49428785480957,0.3069577827806226,0.017369066606965473,48.718425495008425
8.168446808925307,15.978016264215384,0.2644501034427675,2.179913981900482,27.93608722796619
20.599545892053765,13.392921164461518,0.1779366808729338,21.448018240646455,105.3844747112999
11.371795679727077,17.179521409092906,0.2553025834768371,5.493634073385643,24.37737277704369
36.27522701881266,29.84441339631079,0.1764074747240958,20.238010054909047,123.3386323044673
28.27933801793438,17.7886029104761,0.24852552088858465,3.7138826330249444,80.36119778400976
40.46560467242316,33.40617978891542,0.22489033309942535,52.34127515695754,106.3639990479437
15.139503231152306,46.10839065585415,0.1804306550720148,18.12544562694938,37.505704026338535
24.611288295193376,8.692334432743259,0.25337277378336165,9.648176655998125,59.744741986575924
35.46751411582086,42.0,0.2511791773034841,5.217917490822681,142.79985041149075
27.517488809974758,24.24501545050369,0.22542253933810952,15.994875664944582,85.85721211431773
7.345851850075093,13.631936833448254,0.25804393194520003,27.97884188075031,85.61555860541773
22.491194376589757,14.566676477526466,0.308799387118455,29.180565239818755,112.7485629137332
16.451112545074743,55.10195796222675,0.19886388857130297,27.971732372895243,21.646463744430772
54.68220940208025,28.0,0.2710230758842205,97.31799489289224,13.761131563246511
11.316362797614833,13.47842141134036,0.25198179326816705,0.4298459086805496,45.52490164004225
15.176598707578428,12.468640721668727,0.20622468365096053,11.550122121292292,72.05474541372182
13.59112081308308,2.3747757673253256,0.2309725455970454,0.026208897554235958,29.41283810652806
34.97926003132232,39.639457586705625,0.1675530079396917,7.941727795633986,126.90192285460361
0.0,0.0,0.02528572689555646,127.67038062192792,136.4617795748815
7.216557838279231,61.56035876262453,0.25276799350556267,89.04378907927767,25.1348743150192
28.845296496705142,22.2255092193595,0.1,14.499362666317436,121.90649771318868
3.7719579838671304,6.544806266279144,0.28001424445449435,11.242114311599106,3.767890862799963
15.516951294807766,10.443558367557918,0.20196718318684398,3.208979934636914,66.66841469889913
17.541306853565814,14.365450002762767,0.2916256358025937,23.6360016003738,41.04374801521518
15.718306094047016,19.25272063665434,0.22484535205776943,2.950902739547824,57.93209364013929
21.108646828059285,26.41810109732727,0.20497540413598545,11.834734578083555,43.72124546487001
30.752229026462427,24.58959341192741,0.1363930732363211,5.532455022919792,104.60184576810653
11.223676011070351,16.799611314093383,0.23844425739721714,2.1943813306234654,63.035298291350784
12.71010467092603,20.766592346024307,0.2787053160861643,34.02218713059352,97.13564065589122
0.0,0.0,0.03147734230568684,350.0,152.79677014339507
13.49885027391403,13.068255601008953,0.2817344080556385,8.951471974055735,101.48706273929352
10.541030682433156,59.1475705119537,0.238467687571806,21.523366374370113,25.616274000307815
57.76759448770992,13.410302365185476,0.18421827779518682,26.219896515222292,18.296950357834053
15.23187260926833,12.97723194864718,0.17882793687289472,16.42306360596692,75.29714982468816
14.57407996200379,5.807155170565594,0.1902309720018984,1.8173039194901441,4.908344991024675
23.889717733064998,13.860780732520208,0.1369565689530575,16.659910731659405,56.35099276638388
29.847017049418003,13.604282319922845,0.3189388627963343,34.36444235429104,26.682955099755972
10.752317915407655,6.370332544145909,0.29046749125094645,1.2547208671587067,72.9832267377623
20.88885023562578,10.972180830536765,0.2541840599704586,0.13399058691198076,36.12757892003209
4.461931326705502,11.542233501776545,0.2217969861700289,2.553239982736296,18.053512047716417
21.801223534400606,12.369416805793918,0.2570819584083442,10.891522435524266,23.508652976921255
50.7984158684178,4.9189454429367,0.24442653798518976,59.588496043212416,15.206630773559596
6.2948113850947,7.843100260203227,0.2648071684936618,1.74813592565113,6.498502113358009
11.085296798417392,11.579259285481285,0.26942788454867195,9.257691132226883,26.566522137097078
13.087680585137644,10.222803790178903,0.287580231032026,4.725549526767196,20.211763639644648
5.275999256845807,12.155323683770654,0.19389821333699028,2.4740544121409913,9.581206295128716
45.911017692935104,12.633871132321365,0.13791681386749793,95.73089778104764,21.869040001282993
23.986931853014156,22.23071027136721,0.20668290102525072,33.067477467830464,78.88289632131911
12.365709502620886,6.9243914858051605,0.2873076405446933,10.217981973452309,49.294634414334155
16.38820626905683,9.79837828316103,0.2562292077387373,8.549143491142157,8.0
22.902979709881908,13.913202004267832,0.2758783857019971,11.021668489822689,52.70365470046103
15.204402807811128,2.0,0.2733423632239079,20.572077436295434,14.036724613723809
1.0488234995844334,0.17372335786721343,0.019990137924655132,60.0,151.2554574602292
17.72293619859183,13.343155755860344,0.25796386097973284,6.511058068036725,37.61942914434363
20.407061339536877,25.354678842624857,0.22121148157193793,17.699632581109235,51.06584104112265
0.0,0.6945439347787384,0.024589450818899523,195.0474214034995,160.59627717543648
15.420092799765987,57.550081993879644,0.13492336854114031,51.26946864792001,21.429223390497036
19.781201992218904,8.545164515966668,0.24537631277029337,16.921241723833962,81.60757253292785
21.1863147253817,4.0,0.18487035253001743,12.832770944171978,59.6312807488911
10.346225235236119,11.768616552932132,0.23334483683027757,4.858742165537069,32.69767552848697
19.801440957583335,23.157051447611053,0.2717483460336161,15.837868861459455,53.06995111707916
14.211483055200421,2.511877541702783,0.22023466243633646,11.353224159526773,50.660692782067244
4.0,40.168285522311216,0.26583554921489044,24.244706081360743,33.65050765656614
14.864551157753313,5.606232999699099,0.2549616206193485,7.676170030256671,80.88847884147336
9.914769781032787,16.956962290639222,0.23054103728493497,1.6164902693149852,61.59497553042676
10.857950985255556,10.290287530511138,0.1837425704951529,5.388302530739498,92.58510740262365
5.405489956583457,11.776746836048765,0.3172768958580858,4.533897793238389,29.27442917583789
17.201114316142736,11.9078312280982,0.2756596928568543,7.03509924394689,70.72448075146144
18.37507408584318,11.06772664444689,0.188650599981584,9.558794340354943,49.12888647794107
7.7546452129865635,14.38110142347768,0.2014872831497499,4.284795289976769,59.71376159055411
27.11632308321103,15.039263609627149,0.15734605939777163,5.832411954103362,68.00995515795685
53.08250130897835,16.72511989155775,0.23563234133828062,10.0,16.298849437675454
30.645731340256457,30.508206686466547,0.21867728259886118,13.175551620094422,166.73001292914049
15.429067415918356,37.53692662498887,0.16415716200473612,11.391482488532745,25.291737017076763
9.054979439170403,15.58850800083458,0.2061040609439513,3.841730963360846,75.88958455919739
49.38201695970549,11.506921717533878,0.2729026616898591,53.136216342892595,25.512432773970005
1.2418277591151028,0.0,0.03665029307499665,350.0,140.50740219375527
4.377659598608352,7.109506383971613,0.3398472882468267,4.053321125073094,61.224055294087066
7.081312723761215,57.1259473804468,0.2417651541088624,5.0,34.850964474891214
44.34786935342321,30.123648934677906,0.15958865811517606,5.0,65.44113861680424
39.58530244947437,15.063360727297756,0.1569382531849232,126.82588237456616,20.407253097837685
13.595264621665965,6.039552448194604,0.21762274174148882,10.766212187401573,33.49261910850952
10.169080621221193,9.51222080554617,0.2901529850242753,8.557222605601591,47.70468242440746
11.66816292389157,3.49379829266326,0.2848152807411892,0.09013086433352185,48.992212378763945
11.323864533157582,8.28427334193617,0.24722113935382695,2.315254050674796,5.107516831510984
17.827387629579846,5.681469855468039,0.2250013457375516,8.493099399455655,64.09999156416426
6.301359422357091,10.794418655105815,0.2669424441939759,2.3950764951632273,3.1534354543287204
23.21128364172953,8.810364959355105,0.27675183206346765,6.713947330264315,80.09805388097072
8.672166555536148,2.2900237432540598,0.27915672855361,8.68301969641697,21.209908036082158
13.63604892928079,9.681074069596535,0.2619059773355363,3.1258413884583938,51.23609788201507
32.18597368844864,11.676904530839323,0.22922841646108802,4.1428063918803595,135.17970231718925
31.43329195860325,7.751198728234529,0.2573747425662125,44.26700349452621,41.47819889535867
6.2624511582555105,13.673624879768273,0.21862647527001305,2.210769170776744,1.5951449080124251
22.2925198154427,4.0,0.17539649195149182,2.3390344966523378,92.32145374584817
19.65747871637103,12.401467715033027,0.24925146950933813,8.032643872325982,92.91438533734402
48.228247182509214,13.63963837610113,0.21814843439481463,10.325719633679364,98.71114802530711
6.848360793590896,49.180339822028465,0.2576262132127094,49.451641670256464,30.25494584929475
9.277258001452262,7.346747117615802,0.2451450954513988,2.2918626691402886,5.9190250620201645
8.0,14.108065486012931,0.27443355892539717,13.950089781312872,59.832529206948806
4.847251148400968,2.0,0.20070944245022196,26.319109084219615,35.58619710143789
14.672749779122727,24.328907928873136,0.24550233655982714,23.555708874951886,76.92870139237894
13.452684678646744,49.18521373937776,0.26298503312488875,14.156669935234147,19.420722449843073
17.541245224402168,8.374612816819281,0.26231586697757897,7.37941609287824,42.86289219845969
0.0,0.0,0.006694082858094884,97.58667757134559,261.03617787921144
0.0,1.3403566159704055,0.0031572828329777224,206.85657071344522,299.74420083594123
48.973268130778244,7.191516484566458,0.24990931006528352,63.67460777162874,16.215441325444242
22.83715419859095,13.261223199111985,0.2119267928922557,11.287513728006994,53.96927839398549
24.055851598424862,14.261089828333846,0.1546479354664186,15.026538477901338,148.29109820268178
24.056314760967503,58.87864186266674,0.25000907668521244,5.0,14.059950656072676
2.9995939122434176,9.961900578250482,0.2214193357900871,4.185712777562922,7.366825256520552
1.338460421466056,0.5012347243068035,0.03342523861516341,160.18336688991377,211.18668182010634
27.941761064501733,31.581367692835826,0.11737402596505019,58.568436926078306,51.41445153975819
17.825199425410705,9.542102282598059,0.2528096148845256,5.032697997304863,74.77290251363908
4.924842662205434,14.925617957279904,0.21582660182487262,24.235720385670767,37.000971904059064
12.582054098312828,11.795577251908533,0.3117407318450573,3.368883259901833,7.84771211875375
15.671699224780157,21.81335185162337,0.1762623365050377,13.09243419706563,98.06551983036564
59.163969509822905,9.084203256232456,0.17791065074123302,138.0930464474288,7.874484631099389
0.0,0.0,0.008025469237680459,112.21172416483235,122.71738053704202
19.134060722378806,6.939201443274464,0.2956206611043683,17.73766654460324,55.93035384799932
31.74468370953754,37.26615718402028,0.22114449476967063,35.40340404136349,106.55073287482632
11.337362106684804,16.835205073131473,0.15675671531359975,28.42160910637929,108.53260247615756
9.27434785590895,53.36091163243747,0.21125596919718748,32.29788555835631,19.85095150924805
34.061704365425896,31.496068539500552,0.3063194050244234,62.34498243556399,85.97299528023458
26.768048951695206,42.0,0.20382450102437352,14.582393755698318,102.34607296033644
26.12741795178184,27.73089041551461,0.1938654465211344,5.0,85.2949768499146
7.936736837244489,8.08625579374328,0.23146122751164028,11.612564044187653,4.581599955349441
16.804118859612483,9.480402095348362,0.2446842359243273,3.1928119018509538,33.67352678570972
0.0,2.7573220573777433,0.004991680145649024,68.64056061571488,186.31941176445025
16.58239366802459,61.117308814997735,0.17998558921708896,16.488903497908968,22.343702927391355
9.887989905658989,5.5851949044332905,0.17620746436409318,16.418361691758005,86.01819558364433
9.47711413921833,8.921640196693131,0.2421662704341889,0.32164038992101374,45.45418049287347
9.474013268318554,3.673993982166988,0.28645500537411583,19.368694728204062,72.76019377088102
21.28122293333109,34.0,0.24284486747052653,8.684001059440025,27.790513971393374
30.266476280048206,25.276128414260768,0.22193190824778503,68.31663180690676,67.38251595543315
14.35296503943125,2.865622935532058,0.26810120966966045,5.743757683222485,44.96618189125921
10.307567747108434,12.754893361634808,0.17668385730268676,3.6706631648709553,38.02147687902358
23.727820821847804,9.206820788833328,0.2027323224833421,9.552580182741366,86.63820481559321
65.27911804719943,25.981076054180356,0.22963752365340506,21.41723814335138,23.021297281406536
8.280523015070687,13.073556847811405,0.2076326971538182,67.07991156741153,100.3529341485907
25.403468202055215,5.512799583538709,0.18843717955197875,20.981454592288397,47.73508389662734
17.36997730850282,45.51473615712653,0.23734791791042897,15.999423013312148,22.147299942132047
14.762494675638248,8.420226995463077,0.25407331846559505,15.23632143816875,12.255673398858463
16.802638040729924,9.715763249988585,0.32497282722689647,12.542396065159114,71.967379727468
6.0,13.713688096607408,0.2044679305524075,3.3139406608021287,35.89965015278318
2.0,13.035829486933277,0.254115257400206,3.759688827522423,36.2059418925316
12.404003245730747,11.258650800982291,0.2577123716514709,1.137201467814597,5.171697388816835
14.299943091795408,9.380290683431301,0.302055307753458,6.054655103999657,52.93459306286876
16.46920360890931,38.643575794440736,0.18362482044758707,5.0,29.156549513242208
12.052163827640024,11.468090776285992,0.23122903614346654,8.774953912044433,38.031844626448944
11.972072324240264,11.349098250796432,0.20381117238005425,5.990868059488055,45.99006788495259
35.37723155852431,29.38209154252334,0.2358356223994854,51.90407071428426,112.43503342213636
18.27306544346115,59.836659806188095,0.27217179016579496,49.32073340722691,23.55759864728411
33.642642322873684,25.775540409286144,0.18859388370612035,112.93838909184726,83.61947815908707
6.787760887437646,10.412220975708582,0.19920955078124833,6.09737532401814,2.4017044561185643
13.548752210770598,17.428254803713205,0.25459751209893733,32.29970681016303,84.4046701944666
21.795104364728445,13.945840198590531,0.1954133636432568,8.458991763725678,74.2304101615722
0.0,0.0,0.025180465747072056,66.3343682843455,339.3051867753081
11.585149105725602,5.680001463928329,0.306953170343179,10.519775817813949,54.247804739183124
17.470092089593457,2.4107978629673354,0.2214768103321073,5.016867431504255,68.0295352046283
11.075167794586665,7.905594536487012,0.2673281518128371,0.05656377736215613,61.675246237517015
18.692050591071073,14.337402705818645,0.20215069206190686,15.986868759414728,115.87132461273492
11.92557522452542,3.967727770208339,0.2233498452021397,0.22831180702308024,3.794967460610304
1.7330397070916987,0.0,0.018334958189051582,60.0,207.23021990100685
6.0,11.766311020458978,0.240464870816057,0.30136064091907366,51.32206218002224
40.05973599352299,13.606160932294541,0.2610385561481079,127.8850229390879,16.81331291169414
20.921538014589153,17.62082351277553,0.22875775508564553,21.788184819034182,50.60222160264026
0.0,0.0,0.02489938365903898,60.0,245.34708973739487
14.597663679150093,10.671415957407905,0.2866063363095604,0.9376062040364578,49.15477936941287
27.018831763511173,19.608651931221125,0.20280644730290956,8.30714397238874,79.20259379920424
70.24253849481222,19.458663422662084,0.2112202396151163,10.0,18.86110122653943
0.8460374440720575,0.0,0.024672307011007696,60.0,258.85809492792566
17.149041109384065,22.979693405148655,0.2588571921407594,27.55089187816333,108.90010874490918
16.475489293522664,8.168707268324145,0.2551055962542641,2.9311151007053895,103.50294291375732
13.693469582003301,11.72392842962855,0.23623916025485053,15.606316313317274,45.623985370977415
22.235364230791955,20.25893966145556,0.1934683267384463,7.440787751074628,38.32078497051758
24.299316294132765,4.313448550679429,0.2070008151335213,6.7479047684131945,31.394024025621775
19.748251692942365,12.965351552854525,0.1945698471904206,15.744827623975716,47.431863640560614
61.08240353439178,15.684164559262015,0.2239672557831432,68.71114725543916,22.566831929718518
23.020554852586404,8.892505213120984,0.27584463990509,5.662533350989396,51.23999584711436
27.85075798638175,41.329466930010085,0.15545063103908982,41.35139878059133,146.40707714901927
7.087345302623002,12.04848667303298,0.22945310205070177,0.32431389320970816,58.22640611177802
7.692593853352575,8.014849547369943,0.23890869313721133,4.260842948850157,21.43415292111387
0.48082003354969194,0.2333562706970428,0.02920077719096297,60.0,151.03445033378577
10.824794166134858,7.797507079882251,0.2470101093146336,5.273492166422129,77.59683693599726
14.951005572201108,9.019352134123933,0.30104741505878785,5.664024895795916,35.15913428828671
10.639822433578855,14.29417096604498,0.22509502616782415,4.430413999189793,55.24068843653615
22.869003740242878,25.010194946334195,0.27104955282411275,10.834564333729835,169.35400970098246
11.18653206676721,15.646308783951604,0.25851822736830576,10.024956643912018,41.55831670684407
15.69246892997755,7.5640466716289145,0.20811649404136842,3.527063304606877,8.445558988745963
27.494422219627214,11.010035079410297,0.21235519024952346,7.014897871110902,59.84241196904918
41.96255592781037,26.98436929566833,0.23500544351105163,12.078882253166984,80.6339350233268
21.348474601172192,13.671555807494236,0.27000437302014485,5.803677301380146,23.708344568744586
26.245951305622405,25.179722745026424,0.21459148263210526,4.315521142484776,72.81725210406341
15.686738633774475,4.754224328336846,0.29772951065627723,5.064892650814093,43.416183059669514
16.593152350168406,3.6503671085471217,0.18785846277123433,2.434762077626131,37.660132178893726
27.27742900140849,22.977732348498172,0.21036065645505303,9.606268330926314,80.29889612575826
36.887540954012906,5.694238820590703,0.2763513014666517,22.02903214909113,16.494533484155877
0.0,0.0,0.01874929769364688,60.0,154.83783198462945
17.59470979610162,18.20793630210676,0.2165675024286577,20.64954086210332,83.88310109296685
27.361766462587962,14.00375161914754,0.32833065309291276,44.12600657886583,109.76248233838825
1.3208885025997608,0.9789149833437821,0.008771021858984502,60.0,261.8380807767828
12.029288651351484,6.968002984777714,0.28107944614036084,5.547980661388769,36.42246288616169
23.66151955799385,19.420828117737507,0.277009803570798,64.31199742341609,145.16336964344964
19.747193949106887,18.51774009531624,0.21000403449319943,12.304465452678876,127.6727654820983
41.788266557107946,12.288769637338493,0.19988092560963408,10.0,26.895427084515582
24.525287683775815,5.0,0.2384781530847487,83.21363368861003,88.24926601916975
16.140408894660244,11.153194851955075,0.19721293103170376,38.25872320679848,70.76455269681021
8.339665425589306,11.319252194294872,0.24134185598270758,6.12873398354667,5.598215676609813
0.0,1.0749523644312948,0.03798901763149934,60.0,160.74244457065055
21.24496479585374,23.030195222871797,0.14938105826737685,46.40915141194802,117.018980270269
25.636319533079906,11.746224036559916,0.13673583613160528,7.486091699413821,54.37721992873862
10.846345388849521,49.040919875242416,0.18613216376349087,33.8230722441892,29.19064138679608
16.10440203610595,24.0,0.27338910739228356,8.87219823319961,69.91420251213842
15.309294418191755,9.964419120199944,0.17146994997340065,13.714412136492566,76.27314020470246
21.77988127020474,19.435559904174713,0.25096409473703213,54.51890458899746,45.39124773873287
27.060837302828897,16.860916053824475,0.23683812582311695,7.381484597882794,99.26613788699396
19.078201763639225,56.72203957725205,0.17737521759870883,81.20894066552162,27.863690704590997
13.951852991228881,5.107272019637575,0.23197308421277926,15.034524432453143,76.08593317533803
21.325886637768804,16.188667494151336,0.19129830759972177,4.554149388275279,114.87677081917306
0.0,0.1277260022891576,0.014168559942934563,181.6820957566812,214.8602826601562
18.67024943793305,19.76982376976325,0.26630863349801887,2.580339861474317,50.5706916754625
9.762855446118731,6.813234795367987,0.25577181265309556,16.157274205074106,51.74423491163134
12.501710358883543,42.53572815291313,0.18588160021971434,52.58400119372019,15.09614526930444
22.301531738948363,6.105726359470285,0.260035768200185,4.518053245570252,55.831054383144775
18.468078624180755,12.781251304909631,0.24815668926898737,3.705397227765599,92.51006540282906
25.31357669856271,27.832482406834526,0.2196274889065471,65.55804948905839,30.52082839815536
36.93025966022946,24.376738831232167,0.21325205809713976,19.434236060267146,63.20277661321176
19.502224752197684,50.50756896806223,0.25680581735457353,30.68120812379022,11.413522577249903
17.446731732628464,16.189071096757434,0.3004191424480545,7.3261453176166995,61.43057029042821
8.106024926562485,13.557918562510885,0.25935459200154437,17.01820906619972,44.13879930536847
33.51213196679179,42.0,0.2354920912020324,5.0,116.11587806710597
40.159112141693456,29.519711829709987,0.1826814195845539,5.0,118.65444646319617
24.557694196990134,20.117485639512626,0.22464778702497062,19.23453064892061,40.46023928853142
20.561918370726314,19.340561793806543,0.2328256566975388,1.241436682243386,121.87974086774021
0.0,0.0,0.021224156770807977,60.0,219.79007576112994
11.081045740447816,50.58972023952088,0.1560508741530351,41.213088041622605,24.887495149708556
8.0,17.97045033337097,0.3310853799570057,7.309588445215633,81.57679241540123
18.152580239792222,19.95990176066441,0.13161204235078622,40.09846221481797,165.8042764043408
38.90116788375842,24.249232674360545,0.27560804120521515,32.881445696045894,14.200914444619324
19.89617459515273,10.207185845177566,0.19457755540128857,7.3528486982812975,54.99818121722559
14.49294284191518,7.5152818217555755,0.27065112220318566,1.9429064369233486,92.9211484424889
7.76066139208519,3.0354146744247066,0.29195813983312924,5.5533204574161035,28.891279586917953
24.207609721361656,18.078231096918962,0.12226305955338257,6.074128172309766,50.238395752227696
28.046973577217344,16.94976889409657,0.29712461311584126,1.0501103849310502,61.68095411561898
13.757563820155783,9.596128984645967,0.22964554065730117,1.9779808753545423,70.9445929682355
26.0,50.60983919200295,0.24476308085457815,39.310309948756725,20.986949506727363
13.410698362063576,36.31024814706905,0.18707466739648357,67.75405031510522,20.73370480183596
63.08522374598053,14.86367965638309,0.2412794129651834,44.11107214261603,15.246860111694371
16.2989448677094,17.220405385063756,0.19350268995456504,14.121125086147746,86.94491448246795
17.35265470028847,14.97170728747956,0.22568250857652172,6.173799210368573,56.046964450748774
2.0,8.109876995001908,0.3292623701651747,0.03946112515385971,23.897663646239486
16.469955379184626,61.622474187207516,0.14416743982439362,56.604185873052025,27.59153403844266
16.84488536112434,2.0,0.27510511217600636,21.75750213461,29.28178946020528
12.09299482157486,67.02648444781744,0.1169265529418623,5.0,15.298085271531596
8.871436652050765,7.327959287088072,0.21677522167339375,4.00472381313756,10.968667766028297
23.872048716085793,8.039448477619516,0.21946853673283398,0.7827665725714952,53.85067024397652
12.1763561848817,14.950720131008659,0.32445611781925765,10.597442209146044,89.44253609573859
7.547213904103721,4.0,0.16331925087766963,45.840588049381886,94.204091990625
20.537391822178815,13.553055500088702,0.24334388812217472,1.7925059455831596,85.53675982985311
23.229198425218343,7.352094479382123,0.18363095753741657,8.469664761621193,47.430001883378814
4.3981530862766345,53.0801079069137,0.2521525721277633,33.3199327789372,14.356301671848126
25.143289635766035,14.423771840545138,0.27562292239970293,29.746929637937466,104.6586273917797
15.780381863489781,9.795789857967755,0.2285630267671212,35.69528045281885,82.28679951451072
14.31956321456994,13.118663095034595,0.23614325588246557,3.6792952188108026,72.43663581884456
17.969975097546218,7.4256716077842615,0.24276121620085073,1.0281179954323179,27.16482473340736
17.18194610988511,54.47336888447175,0.18196106294823414,13.055915592413116,12.833514783665098
20.519867619656438,4.773836617410733,0.22979419901335288,7.001143447692314,76.0718013428126
15.942096472788274,20.766870134949535,0.20284477185090624,27.04205516794119,73.38033724786523
12.824994319522318,6.535500413301724,0.28848544341590004,1.3821334789053086,8.0
25.18207291228555,20.705259125187126,0.3147954466985735,10.463777329553137,72.75087599073032
5.17532305580119,8.904443144283226,0.19831965220688463,1.1529083310072645,70.12597696493499
27.897413359121217,38.137636174871155,0.2492798269795374,5.0,103.35929786889015
11.410551301167171,35.03450320514193,0.2982060896875899,30.786652859950458,15.24104890085109
27.074917821180335,29.88356810348445,0.18646507031242174,34.30974719798493,129.46691997941818
12.209227001045631,5.6603249316670965,0.2569214618531824,32.54973564375783,37.340895562105516
14.358827060767387,14.731880258765381,0.14098058062721408,61.29591625984861,71.9818397673548
10.52799594580225,8.772224045334957,0.2597709963417329,0.0936109264882044,40.900019059465905
10.872289554416282,68.0,0.19291450011850886,47.65710406260381,22.68832082762786
21.930706388912807,8.79955542652357,0.24195117539176153,7.721860869213085,49.38159113577154
36.72056313732505,18.7681298561001,0.2780007123672672,32.351289807675116,33.08568702617808
12.865845042825628,7.729849215218007,0.3221633423490329,12.655891459856024,18.663719497046095
48.66111321619911,21.04220626046712,0.1453016628077787,61.543628922538154,28.10968787276965
22.525794177228736,7.456063337107806,0.3213772471189319,18.262116646257553,34.4815241714428
5.669129663761158,12.852576125110046,0.2420918263211345,1.6441561754895382,42.18565927642886
31.7978433798689,8.562060339767783,0.1665800815589917,4.495104196077016,111.99655037306987
22.957134686888686,10.135296145657355,0.24332789758976728,21.828655248475847,63.65032345947823
29.874114203676157,17.20908130141033,0.2277657348645676,21.572792518030752,20.0
0.0,0.8159478831845134,0.01100872635248308,105.58143694392545,269.87893082264947
19.02134442929221,10.746674941842548,0.28234557356356416,8.103911562094297,46.44530085919851
14.854156899775488,62.12271893845928,0.1971379476878189,78.34676697765492,5.379009728276081
15.590020538571345,57.72111299176194,0.20293645283447304,18.681091644459457,31.073904352447123
1.307066541274753,0.0,0.025262142761220293,80.03467776378578,227.0659618770761
16.98315911646903,7.55976050271302,0.26308322997511746,4.960488509076246,29.26737960299912
8.574940711100181,5.553072498333242,0.3136606617318948,4.438860449617165,25.7002399130686
16.009131221534755,20.129747651258462,0.26558599068341193,6.3408163259551085,109.52097328662688
10.622592992130853,9.162812098464446,0.26313839750656454,9.403839507077416,28.2602735189758
4.384466282307895,11.83563744444745,0.25810616172100653,2.485983015991065,3.6286714475452384
23.991575595094343,15.05779509543357,0.28933592941538094,17.902252163130303,29.783035577735667
40.28700805659409,37.77557505247722,0.19587593550718074,24.533867431878626,124.14517961188817
25.61200992123591,19.06114545130098,0.2004287947968717,1.509688307959761,100.56940943730989
12.171600150496776,19.41762672380405,0.2033086232160025,24.182251027944517,72.84923950916405
12.566858134800302,5.2088347604828416,0.18889117486814022,4.835873266037947,40.023445771440635
10.610841542353683,9.114548728919178,0.25929343033283603,20.631054581161226,45.643798134012656
4.404515789431791,7.456053819275394,0.217839068273752,13.771032444183254,38.28891959408975
20.297887228748063,12.52477630187074,0.1988368325964716,13.197728351863947,116.46728916906763
18.663961782746185,8.413996628959195,0.27965439176349427,1.2026679937747895,62.02261138662474
2.0,9.776181660688195,0.2660392739515642,1.4410399582121014,28.480212131737535
44.2957817788558,27.029151156873006,0.2004854383043078,24.687772139207944,69.74604302749674
13.041143655416594,12.10507776681736,0.28274675418328304,2.49379711276025,29.808351717061335
21.448917753299856,22.678325846919165,0.184448360337168,40.92963718213177,27.102024804090874
1.0880907333535423,0.09474401163359474,0.025945889814247624,265.42811738729836,138.60619954075068
25.15025308352179,34.583894211943985,0.14629952184657632,120.0,54.53251144333569
6.9766739695098945,4.0,0.1721888487062263,4.1359069132470605,30.68760233316015
7.75567025315657,4.331495340889902,0.1903282772055755,1.5136945501321128,4.9197443595376225
29.791814402761222,5.392966269078567,0.20443310046382226,6.618822866133469,95.0145388219435
58.0942964869211,18.401546336335347,0.19774081211498276,81.14085695817633,5.335195178474898
10.710105549453159,12.8530854070043,0.2554971498143596,8.880782361030155,22.472376965375126
54.95714424256874,11.867683157327281,0.2085459547674331,10.0,20.958778440174658
16.019524371264133,16.233668032778326,0.12602692307896704,26.226406298767117,170.29676285153153
22.93209522506674,6.25837420366141,0.267159106000847,0.15510046269252908,67.27996095260443
7.05126620425491,44.88431844815309,0.22707293950769794,49.41199696519342,27.47166001827372
20.77179364737495,12.683073395058479,0.14087872431923132,0.28264402344039863,72.03335128103518
43.371936149216154,23.68026856575312,0.26963380097636325,13.722016995273115,136.52585874553824
24.652923826870556,14.829875357649922,0.16827147171340445,12.408371946613821,133.46619301363543
8.110766538567733,7.351620602139878,0.3040932209928861,1.246580184374574,83.34801028840398
19.0436146252095,11.025897568674205,0.16371224871364465,0.18618914272842846,51.36303586214185
21.001762956952476,7.5154884824612935,0.13,6.854619666426087,65.80274775733359
10.656668671051332,9.203053284769718,0.20277047706763587,1.28333411364322,4.679187324804412
9.478969404866987,2.139218492726245,0.23535799865970117,20.115931939593295,20.895045488690677
54.68181626638142,10.694254579456958,0.16903383657997048,15.029631230192638,24.511024260649815
11.182703588360893,13.58199434788835,0.2031805723715265,9.14171269163082,72.68467976266083
39.93874562729957,26.752437581090447,0.1817692184109653,15.883225583132347,68.41350952813951
15.943465518413744,5.757569197826754,0.25090055404531314,7.283426576986843,61.729669548046395
16.506318315134997,16.08238646334017,0.20711077529155245,15.191150584878418,123.4335157828281
18.40896810784465,13.746530521314735,0.2876253101174087,4.397713972617162,43.92321391173958
33.00225758848178,23.067736063585542,0.1939640431099715,14.887157455364559,98.61689119244878
0.5350204933797837,0.6314313088651639,0.030721613361716374,120.64725006485192,345.6320211111631
12.462821788655694,12.637614012425573,0.24520120664219522,2.8980989964321133,51.174496383903374
13.361898723850071,10.591483255928443,0.2741126532123876,6.903434185797671,62.6439083634712
18.992953521958405,7.513478567296498,0.24207259868340544,7.111618568895179,65.63194612298372
21.472627175316504,7.591358326392779,0.27654783826171647,2.4741372497428182,66.98967361355062
10.989008344684562,54.70876328120089,0.11631509130356771,32.60917860240816,34.22435927823506
11.91238790254619,54.512241000280234,0.16167355727659755,62.690938486822276,21.77576707347173
2.0672223940714725,0.0,0.016743249092621666,194.12495374749267,260.22256191314443
28.655126900009588,30.326191644472274,0.2367795965214958,29.953881318689184,131.34873739056275
0.0,0.0,0.025377755262956905,350.0,277.4535314965683
